precision,accuracy,noise accuracy,batch_size,learning_rate,avg_cka,avg_EF,net_efficiency,trace,eigenvalue
2,0.59375,0.4884,32,0.0015625,0.5728672362036176,"{'EF_trace_w': array([1.6447902 , 0.31804827, 0.15244639, 0.29391748, 0.16431107,
       0.29165727, 0.7260158 , 0.8297541 , 0.5907163 , 0.32156825,
       0.20079845, 0.80861586, 0.6116836 , 0.9182795 , 0.14782548,
       3.239117  ], dtype=float32), 'EF_trace_a': array([0.04560309, 0.05914593, 0.0179111 , 0.08717148, 0.01468792,
       0.01468792, 0.36118728, 0.06982443, 0.15159173, 0.05142573,
       0.05142573, 0.46319783, 0.05297763, 0.45855868, 0.3808397 ],
      dtype=float32), 'avg_EF': 0.4697057}",,0,0
2,0.6075721383094788,0.505,64,0.0015625,0.6045922769440545,"{'EF_trace_w': array([1.6512934 , 0.21986619, 0.19541776, 0.31104004, 0.14792712,
       0.32206646, 0.6633408 , 0.85095674, 0.67365664, 0.42811415,
       0.21435197, 1.0005774 , 0.7889981 , 1.1028619 , 0.14556958,
       2.7816272 ], dtype=float32), 'EF_trace_a': array([0.08881159, 0.06741907, 0.016164  , 0.0853788 , 0.01288968,
       0.01288968, 0.46953216, 0.09343966, 0.19200894, 0.06136802,
       0.06136802, 0.5503595 , 0.06014524, 0.5400987 , 0.25096107],
      dtype=float32), 'avg_EF': 0.49486184}",,0,0
2,0.6414262652397156,0.5323,128,0.0015625,0.6158861799372567,"{'EF_trace_w': array([8.521155  , 1.9841744 , 1.2098721 , 2.285491  , 0.84429973,
       1.1864417 , 1.9243021 , 2.4449682 , 2.4195573 , 1.2433164 ,
       0.55484295, 1.8981719 , 1.4490485 , 1.8574101 , 0.2638262 ,
       2.2351935 ], dtype=float32), 'EF_trace_a': array([0.20957747, 0.10230073, 0.03588112, 0.14239512, 0.02141244,
       0.02141244, 0.20456004, 0.10882489, 0.19883424, 0.06187544,
       0.06187544, 0.33027962, 0.04073606, 0.22470142, 0.21473242],
      dtype=float32), 'avg_EF': 1.5498273}",,0,0
2,0.6556332111358643,0.5154,256,0.0015625,0.7381161981158786,"{'EF_trace_w': array([5.3066735 , 1.2547276 , 0.9949605 , 1.5502207 , 0.65487075,
       0.73893034, 1.5864557 , 2.3459697 , 2.8212957 , 1.5503867 ,
       0.54414374, 2.4705908 , 1.7571869 , 2.077863  , 0.23972341,
       1.4522867 ], dtype=float32), 'EF_trace_a': array([0.14547841, 0.06239123, 0.02640051, 0.10194042, 0.02074148,
       0.02074148, 0.18687113, 0.0989902 , 0.18873063, 0.05595121,
       0.05595121, 0.28759077, 0.03262369, 0.12880027, 0.12838309],
      dtype=float32), 'avg_EF': 1.3607947}",,0,0
2,-1.0,-1.0,512,0.0015625,0.618440513809522,"{'EF_trace_w': array([10.528871  ,  1.4250257 ,  1.3354036 ,  2.2425723 ,  1.0093377 ,
        1.1291178 ,  2.6071005 ,  3.5910442 ,  5.125812  ,  2.4261096 ,
        0.7498741 ,  3.195383  ,  2.223649  ,  2.3743095 ,  0.27649814,
        1.1570634 ], dtype=float32), 'EF_trace_a': array([0.05467489, 0.03046383, 0.01736338, 0.0419161 , 0.01444289,
       0.01444289, 0.11844004, 0.07101221, 0.09712408, 0.03269465,
       0.03269465, 0.13667816, 0.0236323 , 0.0486389 , 0.06929004],
      dtype=float32), 'avg_EF': 1.878926}",,0,0
2,-1.0,-1.0,1024,0.0015625,0.7373052421543334,"{'EF_trace_w': array([17.416857  ,  2.742148  ,  2.0254138 ,  4.1247067 ,  1.4728155 ,
        1.1209668 ,  3.4372838 ,  4.1605854 ,  5.38563   ,  3.2436292 ,
        0.7687543 ,  3.472024  ,  3.00269   ,  2.8513794 ,  0.23815925,
        1.2967805 ], dtype=float32), 'EF_trace_a': array([0.07485163, 0.0334452 , 0.01828956, 0.05874901, 0.01377155,
       0.01377155, 0.08461003, 0.04917786, 0.09283381, 0.02725373,
       0.02725373, 0.16405961, 0.02339342, 0.06913076, 0.06784549],
      dtype=float32), 'avg_EF': 2.3936658}",,0,0
3,0.7834535241127014,0.6263,32,0.0015625,0.8651506702105204,"{'EF_trace_w': array([1.3770487 , 0.12869467, 0.12166888, 0.2016867 , 0.1266181 ,
       0.17795789, 0.21928744, 0.3420728 , 0.27859646, 0.18476456,
       0.09026225, 0.27601832, 0.2345613 , 0.20947826, 0.03472573,
       0.7575417 ], dtype=float32), 'EF_trace_a': array([0.066052  , 0.06235961, 0.01967883, 0.20349632, 0.018822  ,
       0.018822  , 0.17740585, 0.12278056, 0.20646222, 0.07728218,
       0.07728218, 0.41146645, 0.06883988, 0.25186738, 0.14827634],
      dtype=float32), 'avg_EF': 0.20790392}",,0,0
3,0.7748397588729858,0.629,64,0.0015625,0.8064494298564063,"{'EF_trace_w': array([2.6749618 , 0.5484954 , 0.40311006, 0.43171757, 0.28165254,
       0.3000947 , 0.57816637, 0.7106998 , 0.46432906, 0.3194271 ,
       0.14447534, 0.5176352 , 0.37276685, 0.29762775, 0.04653854,
       0.8737583 ], dtype=float32), 'EF_trace_a': array([0.27401513, 0.10621598, 0.05403114, 0.18169142, 0.04514493,
       0.04514493, 0.22431614, 0.11228076, 0.15017447, 0.0618721 ,
       0.0618721 , 0.4001582 , 0.04355525, 0.21280307, 0.0897304 ],
      dtype=float32), 'avg_EF': 0.40081796}",,0,0
3,0.7818509340286255,0.6539,128,0.0015625,0.8420523504416149,"{'EF_trace_w': array([8.054944  , 0.69468665, 0.64051753, 0.6721203 , 0.539458  ,
       0.80119485, 1.2198929 , 1.6869954 , 1.4651222 , 0.86384284,
       0.3687456 , 1.067811  , 0.67714775, 0.54697895, 0.08157589,
       1.1710548 ], dtype=float32), 'EF_trace_a': array([0.18739338, 0.07781891, 0.04625569, 0.08930943, 0.0404169 ,
       0.0404169 , 0.25534993, 0.131476  , 0.16826397, 0.0595997 ,
       0.0595997 , 0.2937024 , 0.03025132, 0.09712169, 0.06931932],
      dtype=float32), 'avg_EF': 0.8148548}",,0,0
3,0.7925575375556946,0.6314,256,0.0015625,0.7569405502743192,"{'EF_trace_w': array([9.261341  , 1.587428  , 1.2412814 , 2.5932972 , 1.2132465 ,
       1.1430435 , 1.9972165 , 2.6984024 , 2.1454606 , 1.2759236 ,
       0.5851824 , 1.659814  , 1.1243136 , 0.8587072 , 0.12380096,
       1.2836976 ], dtype=float32), 'EF_trace_a': array([0.21443543, 0.08734027, 0.05352785, 0.21568722, 0.04156826,
       0.04156826, 0.19462079, 0.11375712, 0.1496156 , 0.0580918 ,
       0.0580918 , 0.27836454, 0.02970861, 0.09403676, 0.06015507],
      dtype=float32), 'avg_EF': 1.3644358}",,0,0
3,0.7354600429534912,0.575,512,0.0015625,0.8347158597575294,"{'EF_trace_w': array([37.1246    ,  6.407062  ,  5.474099  ,  7.9707537 ,  3.910945  ,
        3.3922858 ,  5.906201  ,  7.4693108 ,  6.3715677 ,  4.886119  ,
        1.4750051 ,  4.1936913 ,  2.1173325 ,  1.8571236 ,  0.31387544,
        1.7165041 ], dtype=float32), 'EF_trace_a': array([0.20446974, 0.08541071, 0.05094755, 0.08397235, 0.03915291,
       0.03915291, 0.12708029, 0.09598408, 0.08450471, 0.04297369,
       0.04297369, 0.11617509, 0.01574058, 0.02826516, 0.0470355 ],
      dtype=float32), 'avg_EF': 3.864853}",,0,0
3,0.762451171875,0.5834,1024,0.0015625,0.7754555443922678,"{'EF_trace_w': array([40.60386   ,  8.337886  ,  5.1830077 ,  6.8229384 ,  5.3774815 ,
        3.3993237 ,  7.147537  ,  8.482711  ,  8.945528  ,  6.069949  ,
        1.5750098 ,  5.640653  ,  4.0174627 ,  3.4802742 ,  0.41294062,
        1.0711994 ], dtype=float32), 'EF_trace_a': array([0.22506922, 0.08840194, 0.0590857 , 0.09571403, 0.04226659,
       0.04226659, 0.18721953, 0.11940724, 0.14563228, 0.05671832,
       0.05671832, 0.26828295, 0.04133475, 0.07173417, 0.0563073 ],
      dtype=float32), 'avg_EF': 4.59566}",,0,0
4,0.778245210647583,0.6453,32,0.0015625,0.8567144340938992,"{'EF_trace_w': array([2.6345582 , 0.28033823, 0.22830631, 0.3790515 , 0.23681587,
       0.310736  , 0.3755525 , 0.45902827, 0.32177436, 0.21049096,
       0.10659181, 0.33535093, 0.30268008, 0.2429952 , 0.03575297,
       0.6092798 ], dtype=float32), 'EF_trace_a': array([0.34649968, 0.13110916, 0.07727624, 0.3664703 , 0.06945049,
       0.06945049, 0.2833578 , 0.14375271, 0.26998714, 0.08594654,
       0.08594654, 0.47386006, 0.09479781, 0.31030822, 0.19365774],
      dtype=float32), 'avg_EF': 0.2941727}",,0,0
4,0.8253205418586731,0.6481,64,0.0015625,0.85669235057301,"{'EF_trace_w': array([6.7503552 , 0.750766  , 0.9060725 , 0.7099977 , 0.39735195,
       0.8316378 , 0.7612321 , 0.9660636 , 0.748731  , 0.55159247,
       0.2838774 , 0.75620276, 0.5931729 , 0.44985378, 0.06922203,
       1.1927325 ], dtype=float32), 'EF_trace_a': array([0.40525255, 0.18971978, 0.09149925, 0.16863233, 0.07468236,
       0.07468236, 0.2869216 , 0.16938746, 0.2499978 , 0.0949478 ,
       0.0949478 , 0.45992985, 0.06577851, 0.23181356, 0.11196545],
      dtype=float32), 'avg_EF': 0.6673479}",,0,0
4,0.7666265964508057,0.5869,128,0.0015625,0.8070357143878937,"{'EF_trace_w': array([24.012522  ,  4.3768926 ,  2.9646401 ,  2.6521986 ,  1.5526705 ,
        2.6616707 ,  1.8862207 ,  2.5111334 ,  2.2674916 ,  1.3667814 ,
        0.72707623,  1.4687257 ,  0.88074327,  0.7021004 ,  0.1268641 ,
        1.9811078 ], dtype=float32), 'EF_trace_a': array([0.36093068, 0.2222836 , 0.1251437 , 0.15253243, 0.10235643,
       0.10235643, 0.1821951 , 0.1320767 , 0.14006513, 0.06514271,
       0.06514271, 0.23650777, 0.02484717, 0.0708226 , 0.07185677],
      dtype=float32), 'avg_EF': 1.7579587}",,0,0
4,0.8162006735801697,0.6358,256,0.0015625,0.8232533699936337,"{'EF_trace_w': array([49.779697  ,  4.6105213 ,  3.7146914 ,  5.501892  ,  3.2311678 ,
        2.9401057 ,  4.1187277 ,  5.518822  ,  4.5131693 ,  2.7174819 ,
        0.78910303,  2.2545698 ,  0.9929081 ,  0.83709407,  0.1645779 ,
        1.6827396 ], dtype=float32), 'EF_trace_a': array([0.35944083, 0.12969442, 0.10603401, 0.19807656, 0.08039929,
       0.08039929, 0.19273476, 0.13370511, 0.11781523, 0.05171103,
       0.05171103, 0.1384592 , 0.0146603 , 0.03284023, 0.04628003],
      dtype=float32), 'avg_EF': 2.6251578}",,0,0
4,0.8044704794883728,0.6551,512,0.0015625,0.7731000085671743,"{'EF_trace_w': array([108.43793  ,  12.0982065,   7.00185  ,  10.802622 ,   5.3920455,
         5.2557287,   7.834282 ,  10.040335 ,   9.475212 ,   6.23398  ,
         1.6491815,   5.3811545,   2.409526 ,   1.9394956,   0.330113 ,
         1.8598124], dtype=float32), 'EF_trace_a': array([0.42016578, 0.1572994 , 0.09757002, 0.13475241, 0.08057334,
       0.08057334, 0.18346323, 0.13621277, 0.14149304, 0.05949307,
       0.05949307, 0.18031882, 0.02257758, 0.03861027, 0.0480896 ],
      dtype=float32), 'avg_EF': 5.249607}",,0,0
4,0.803466796875,0.6502,1024,0.0015625,0.8142816954188876,"{'EF_trace_w': array([156.82835  ,  21.576702 ,  10.382209 ,  11.155049 ,   8.029868 ,
         4.788298 ,  10.131273 ,  13.480832 ,  14.381965 ,   8.942223 ,
         2.5886874,   8.944301 ,   5.347953 ,   4.814131 ,   0.6749576,
         1.998901 ], dtype=float32), 'EF_trace_a': array([0.3432671 , 0.16260995, 0.10752822, 0.14777575, 0.08050596,
       0.08050596, 0.18502297, 0.14743635, 0.1362858 , 0.06376968,
       0.06376968, 0.20381713, 0.03261797, 0.05687852, 0.04711078],
      dtype=float32), 'avg_EF': 7.861521}",,0,0
5,0.7810496687889099,0.6178,32,0.0015625,0.8890901075469123,"{'EF_trace_w': array([8.728735  , 0.9163693 , 0.47681043, 0.47982627, 0.2630093 ,
       0.7016213 , 0.47130516, 0.45273024, 0.4104464 , 0.2977656 ,
       0.17678846, 0.4066011 , 0.354774  , 0.28022334, 0.03997574,
       1.0861782 ], dtype=float32), 'EF_trace_a': array([0.38012826, 0.31859422, 0.13405477, 0.19199185, 0.11544202,
       0.11544202, 0.22669627, 0.13754128, 0.2176758 , 0.08112086,
       0.08112086, 0.3668474 , 0.08129475, 0.22332893, 0.1332373 ],
      dtype=float32), 'avg_EF': 0.4490409}",,0,0
5,0.8050881624221802,0.6385,64,0.0015625,0.8722799056106143,"{'EF_trace_w': array([9.7255745 , 0.89489776, 0.70598674, 1.0444611 , 0.49158856,
       0.7346118 , 0.7690199 , 1.0880665 , 0.91791636, 0.5249604 ,
       0.22714926, 0.64420867, 0.5448189 , 0.42850134, 0.05710245,
       0.92418325], dtype=float32), 'EF_trace_a': array([1.0595721 , 0.2831917 , 0.17011255, 0.35311717, 0.12717575,
       0.12717575, 0.4127794 , 0.2599981 , 0.39779243, 0.1164756 ,
       0.1164756 , 0.60717314, 0.10324403, 0.36225325, 0.12837198],
      dtype=float32), 'avg_EF': 0.6708991}",,0,0
5,0.8273237347602844,0.6814,128,0.0015625,0.7634927597310808,"{'EF_trace_w': array([16.466105  ,  1.2872453 ,  1.2102543 ,  1.2564754 ,  0.89897704,
        1.2500006 ,  1.4863534 ,  1.8954178 ,  1.6434432 ,  1.0165632 ,
        0.34084946,  1.1833193 ,  0.8268815 ,  0.54461396,  0.07335761,
        1.0729586 ], dtype=float32), 'EF_trace_a': array([0.80222857, 0.21241507, 0.14755021, 0.19864747, 0.09518893,
       0.09518893, 0.39018393, 0.2197139 , 0.32503912, 0.0997805 ,
       0.0997805 , 0.50416684, 0.05668203, 0.1792937 , 0.07773497],
      dtype=float32), 'avg_EF': 1.057256}",,0,0
5,0.8139391541481018,0.6388,256,0.0015625,0.7262200282679664,"{'EF_trace_w': array([41.286896  ,  4.3997135 ,  3.9565558 ,  2.7965724 ,  2.0207803 ,
        2.4754498 ,  3.663353  ,  5.040032  ,  4.247616  ,  2.4566102 ,
        0.9748101 ,  2.3232543 ,  1.6423118 ,  1.3354273 ,  0.18766874,
        2.107045  ], dtype=float32), 'EF_trace_a': array([0.7141216 , 0.24087083, 0.15843482, 0.17240314, 0.11225276,
       0.11225276, 0.3609567 , 0.22729638, 0.27412245, 0.08827265,
       0.08827265, 0.34341767, 0.05242793, 0.12447421, 0.0640668 ],
      dtype=float32), 'avg_EF': 2.5779176}",,0,0
5,0.8140190839767456,0.6596,512,0.0015625,0.8020649883482192,"{'EF_trace_w': array([109.34575   ,  14.747021  ,   9.311405  ,   9.211814  ,
         6.7503624 ,   5.2670174 ,   6.4774165 ,   9.011384  ,
         9.2160635 ,   5.475069  ,   1.5988958 ,   4.542056  ,
         2.6117895 ,   2.2913787 ,   0.34380692,   1.7048868 ],
      dtype=float32), 'EF_trace_a': array([0.60321873, 0.19095269, 0.14664397, 0.15984072, 0.10217705,
       0.10217705, 0.18703105, 0.16131225, 0.1704776 , 0.07368962,
       0.07368962, 0.21256527, 0.03200279, 0.06963878, 0.04794909],
      dtype=float32), 'avg_EF': 5.283695}",,0,0
5,0.81787109375,0.6569,1024,0.0015625,0.8540108071433173,"{'EF_trace_w': array([228.466    ,  24.97027  ,  19.418726 ,  26.010418 ,  11.186712 ,
         7.6057053,  14.413134 ,  20.253647 ,  20.530195 ,  13.957991 ,
         3.0679154,  11.162836 ,   6.494304 ,   5.6262984,   0.7248026,
         2.4484894], dtype=float32), 'EF_trace_a': array([0.58688134, 0.27081335, 0.17763157, 0.25315276, 0.11215347,
       0.11215347, 0.2864708 , 0.20715187, 0.21067378, 0.08220528,
       0.08220528, 0.26560485, 0.04350932, 0.0709907 , 0.05054167],
      dtype=float32), 'avg_EF': 10.993892}",,0,0
6,0.7826522588729858,0.5984,32,0.0015625,0.8253097302383846,"{'EF_trace_w': array([7.4393606 , 0.53425485, 0.56957597, 0.43015528, 0.23249175,
       0.77320033, 0.3706232 , 0.54927206, 0.4418956 , 0.26153222,
       0.17146394, 0.49519247, 0.3463751 , 0.24820045, 0.03997778,
       1.2102298 ], dtype=float32), 'EF_trace_a': array([0.6580746 , 0.20317318, 0.12652954, 0.18025652, 0.1079939 ,
       0.1079939 , 0.17113234, 0.13085996, 0.17432308, 0.08377622,
       0.08377622, 0.4823878 , 0.05185558, 0.18968442, 0.11995016],
      dtype=float32), 'avg_EF': 0.4316873}",,0,0
6,0.825120210647583,0.6584,64,0.0015625,0.8594379954867892,"{'EF_trace_w': array([12.635122  ,  1.265715  ,  1.0347914 ,  0.6615996 ,  0.51204956,
        0.96143264,  0.88642055,  0.9951324 ,  0.69860905,  0.42287612,
        0.25177124,  0.63557404,  0.45629102,  0.34339178,  0.05359983,
        1.1988304 ], dtype=float32), 'EF_trace_a': array([0.46989125, 0.2464399 , 0.1614279 , 0.13427062, 0.11121657,
       0.11121657, 0.2726506 , 0.17746006, 0.18213299, 0.09480576,
       0.09480576, 0.39790148, 0.0514878 , 0.1681319 , 0.09675323],
      dtype=float32), 'avg_EF': 0.68338895}",,0,0
6,0.8080929517745972,0.6297,128,0.0015625,0.7345049844847785,"{'EF_trace_w': array([19.074171  ,  1.8331047 ,  1.8311127 ,  1.2578391 ,  1.0439712 ,
        1.462204  ,  1.6365124 ,  2.5309548 ,  1.8175254 ,  1.1409583 ,
        0.49666747,  1.2444476 ,  0.965312  ,  0.7672173 ,  0.0965188 ,
        1.6325331 ], dtype=float32), 'EF_trace_a': array([0.7599156 , 0.22898605, 0.14985932, 0.16626096, 0.11671416,
       0.11671416, 0.3271086 , 0.21987557, 0.26042068, 0.09847882,
       0.09847882, 0.40356702, 0.05818958, 0.18076149, 0.07701382],
      dtype=float32), 'avg_EF': 1.3110157}",,0,0
6,0.8133223652839661,0.6377,256,0.0015625,0.810019185145696,"{'EF_trace_w': array([74.69736   ,  6.306587  ,  5.4147906 ,  6.690585  ,  3.8634665 ,
        4.3702636 ,  4.821827  ,  6.110343  ,  5.576317  ,  3.1281497 ,
        1.0127599 ,  2.7010434 ,  1.4377234 ,  1.1274799 ,  0.21222049,
        2.1623344 ], dtype=float32), 'EF_trace_a': array([0.67808515, 0.21962042, 0.1353566 , 0.18421222, 0.09738129,
       0.09738129, 0.21500513, 0.16245511, 0.16923825, 0.06285422,
       0.06285422, 0.20285872, 0.0228009 , 0.05071387, 0.04794196],
      dtype=float32), 'avg_EF': 3.3879907}",,0,0
6,0.8190104365348816,0.6593,512,0.0015625,0.8268781006336212,"{'EF_trace_w': array([180.1349   ,  19.149055 ,  14.8377905,   9.878198 ,   8.430601 ,
         6.6481223,   9.391603 ,  11.28451  ,  10.951388 ,   6.4448633,
         1.4599144,   3.9924781,   1.8699961,   1.6580768,   0.3219518,
         2.3665566], dtype=float32), 'EF_trace_a': array([0.5100442 , 0.22828726, 0.17355089, 0.12593272, 0.10707977,
       0.10707977, 0.18340096, 0.16156769, 0.1595772 , 0.06301157,
       0.06301157, 0.12025655, 0.01660792, 0.03167351, 0.04183244],
      dtype=float32), 'avg_EF': 6.0127563}",,0,0
6,0.795166015625,0.6312,1024,0.0015625,0.8197439644071791,"{'EF_trace_w': array([298.86197   ,  34.930347  ,  25.053452  ,  39.644848  ,
        14.794937  ,   7.750535  ,  23.402573  ,  23.505821  ,
        23.51881   ,  13.010954  ,   2.5502243 ,   9.495419  ,
         5.0828075 ,   4.3606634 ,   0.55696654,   2.0426211 ],
      dtype=float32), 'EF_trace_a': array([0.70279664, 0.26745966, 0.20864812, 0.19455473, 0.1395997 ,
       0.1395997 , 0.332262  , 0.21684676, 0.21138673, 0.0834772 ,
       0.0834772 , 0.25574163, 0.03658073, 0.06665124, 0.04762917],
      dtype=float32), 'avg_EF': 11.693481}",,0,0
7,0.7700320482254028,0.6196,32,0.0015625,0.850680712196562,"{'EF_trace_w': array([7.1400375 , 0.6533831 , 0.52635247, 0.52996516, 0.31134945,
       0.58642465, 0.49549127, 0.60725677, 0.40469855, 0.23995133,
       0.16696648, 0.33869636, 0.24432877, 0.229752  , 0.03489495,
       1.2382128 ], dtype=float32), 'EF_trace_a': array([0.6433751 , 0.25305963, 0.16357866, 0.19430672, 0.10879232,
       0.10879232, 0.33740458, 0.12902743, 0.18304369, 0.0800238 ,
       0.0800238 , 0.31358737, 0.04617179, 0.20706424, 0.11659837],
      dtype=float32), 'avg_EF': 0.42040876}",,0,0
7,0.7714343070983887,0.6082,64,0.0015625,0.8124120467238957,"{'EF_trace_w': array([14.158223  ,  0.900438  ,  0.7959239 ,  1.3325135 ,  0.6667623 ,
        1.0623322 ,  0.8617204 ,  1.1707002 ,  0.8758753 ,  0.5428065 ,
        0.25703833,  0.67283857,  0.48270622,  0.39046878,  0.05442435,
        1.253937  ], dtype=float32), 'EF_trace_a': array([0.880103  , 0.21238941, 0.14919552, 0.3818363 , 0.108774  ,
       0.108774  , 0.2579137 , 0.18624343, 0.2365712 , 0.09007471,
       0.09007471, 0.38712087, 0.05070115, 0.19458342, 0.08507179],
      dtype=float32), 'avg_EF': 0.7509075}",,0,0
7,0.8024839758872986,0.6441,128,0.0015625,0.809508247507943,"{'EF_trace_w': array([33.66772   ,  2.7130446 ,  2.4151647 ,  3.051657  ,  1.4267702 ,
        2.3813171 ,  2.2510297 ,  2.6827595 ,  2.1507664 ,  1.3721999 ,
        0.5485193 ,  1.3222337 ,  0.8494694 ,  0.65448475,  0.10306014,
        1.7428875 ], dtype=float32), 'EF_trace_a': array([0.55727375, 0.26747173, 0.17984977, 0.2519719 , 0.13061897,
       0.13061897, 0.2605643 , 0.1972701 , 0.19394167, 0.08706307,
       0.08706307, 0.30875906, 0.03499943, 0.12143676, 0.07374147],
      dtype=float32), 'avg_EF': 1.6477368}",,0,0
7,0.8098273277282715,0.6301,256,0.0015625,0.7654337949222989,"{'EF_trace_w': array([120.54549   ,  13.641914  ,   5.6816244 ,   5.152552  ,
         2.760534  ,   3.8261201 ,   4.1554346 ,   5.5065465 ,
         4.8345184 ,   2.9316797 ,   1.2562323 ,   2.873631  ,
         1.8112264 ,   1.2824594 ,   0.20730728,   2.0266776 ],
      dtype=float32), 'EF_trace_a': array([0.45176703, 0.34921187, 0.1791602 , 0.13257599, 0.12293164,
       0.12293164, 0.26063251, 0.19542864, 0.21033093, 0.08073001,
       0.08073001, 0.26240247, 0.03791176, 0.08390325, 0.05833868],
      dtype=float32), 'avg_EF': 3.5298777}",,0,0
7,0.7990451455116272,0.6322,512,0.0015625,0.8677167163954841,"{'EF_trace_w': array([108.430305  ,  10.106305  ,   7.6045055 ,  12.626441  ,
         5.072529  ,   4.1144257 ,   7.770279  ,  10.412671  ,
         8.408757  ,   4.5082192 ,   1.5581537 ,   4.2345552 ,
         2.8817945 ,   2.1519046 ,   0.32640606,   1.9645336 ],
      dtype=float32), 'EF_trace_a': array([0.6450424 , 0.24297893, 0.15780619, 0.20417891, 0.11170739,
       0.11170739, 0.3004073 , 0.1964801 , 0.19061288, 0.07077   ,
       0.07077   , 0.2734756 , 0.03906585, 0.07862832, 0.04785067],
      dtype=float32), 'avg_EF': 5.046095}",,0,0
7,0.81787109375,0.6662,1024,0.0015625,0.7420028646787007,"{'EF_trace_w': array([372.1363    ,  37.607563  ,  26.235142  ,  28.021515  ,
        14.8019705 ,   8.525307  ,  19.048409  ,  24.593006  ,
        22.987793  ,  12.409199  ,   2.4118161 ,   8.815595  ,
         4.6084065 ,   3.8298113 ,   0.51179266,   2.737737  ],
      dtype=float32), 'EF_trace_a': array([0.5899075 , 0.2897792 , 0.18180525, 0.21221295, 0.12522453,
       0.12522453, 0.24956167, 0.18173353, 0.16700341, 0.06624138,
       0.06624138, 0.18370086, 0.02715048, 0.04321577, 0.04002832],
      dtype=float32), 'avg_EF': 11.481705}",,0,0
8,0.784254789352417,0.6349,32,0.0015625,0.7775591909885406,"{'EF_trace_w': array([7.878926  , 1.026739  , 0.53356814, 0.34487498, 0.23851413,
       0.70357186, 0.47876272, 0.51258284, 0.47763643, 0.27930874,
       0.14786114, 0.368893  , 0.29175675, 0.22877124, 0.03565159,
       1.0872543 ], dtype=float32), 'EF_trace_a': array([0.5403105 , 0.2676687 , 0.16789187, 0.16690788, 0.13588752,
       0.13588752, 0.27908912, 0.16705504, 0.25069463, 0.0858708 ,
       0.0858708 , 0.41386825, 0.06708538, 0.27364367, 0.13724282],
      dtype=float32), 'avg_EF': 0.42549148}",,0,0
8,0.8052884340286255,0.6586,64,0.0015625,0.7902122471067641,"{'EF_trace_w': array([14.976774  ,  1.2435281 ,  1.2895678 ,  0.99263775,  0.67649883,
        0.98184085,  1.1395855 ,  1.4610344 ,  0.8605095 ,  0.5531752 ,
        0.27460167,  0.6590952 ,  0.38743216,  0.27893987,  0.05383737,
        1.627135  ], dtype=float32), 'EF_trace_a': array([1.0775251 , 0.2075671 , 0.1626065 , 0.24034406, 0.12763898,
       0.12763898, 0.31085244, 0.1874326 , 0.18155497, 0.0848024 ,
       0.0848024 , 0.341464  , 0.02899524, 0.10396378, 0.08468509],
      dtype=float32), 'avg_EF': 0.78665036}",,0,0
8,0.7692307829856873,0.63,128,0.0015625,0.7656993567943573,"{'EF_trace_w': array([40.067562  ,  3.7481418 ,  2.8337555 ,  3.2321951 ,  2.1194384 ,
        2.9932284 ,  2.049976  ,  3.0033264 ,  2.3786736 ,  1.4140612 ,
        0.65416276,  1.382322  ,  0.859095  ,  0.6865157 ,  0.10839754,
        1.732746  ], dtype=float32), 'EF_trace_a': array([0.70066875, 0.2667204 , 0.20545377, 0.28476736, 0.14311084,
       0.14311084, 0.27988574, 0.22156405, 0.21697304, 0.08503923,
       0.08503923, 0.35035363, 0.03634623, 0.10649526, 0.07388689],
      dtype=float32), 'avg_EF': 1.8454734}",,0,0
8,0.7892680764198303,0.6426,256,0.0015625,0.7634944319725037,"{'EF_trace_w': array([111.67933   ,  11.409863  ,   6.2361684 ,   6.7732267 ,
         4.4067917 ,   4.404088  ,   4.8996997 ,   6.7171774 ,
         5.495927  ,   2.869083  ,   0.98735386,   2.4007397 ,
         1.3690032 ,   1.0155952 ,   0.1866326 ,   2.2464755 ],
      dtype=float32), 'EF_trace_a': array([0.6005091 , 0.33398682, 0.20497558, 0.21019587, 0.14220293,
       0.14220293, 0.29738966, 0.21323833, 0.21087165, 0.0715091 ,
       0.0715091 , 0.21651118, 0.02626695, 0.05519339, 0.05361187],
      dtype=float32), 'avg_EF': 3.5863893}",,0,0
8,0.7586805820465088,0.6073,512,0.0015625,0.8225759532716539,"{'EF_trace_w': array([99.92358  , 11.008773 , 11.490219 , 10.3855   ,  6.6790295,
        4.8085175,  8.59138  ,  9.862118 ,  9.347995 ,  6.2113266,
        1.4682734,  4.593955 ,  2.584168 ,  1.8140435,  0.2646495,
        1.5178006], dtype=float32), 'EF_trace_a': array([0.6426434 , 0.24658641, 0.1661772 , 0.19421303, 0.09981283,
       0.09981283, 0.2666025 , 0.17852123, 0.18112397, 0.06710015,
       0.06710015, 0.22452256, 0.03144151, 0.05285414, 0.04402551],
      dtype=float32), 'avg_EF': 5.1735888}",,0,0
8,0.811767578125,0.6767,1024,0.0015625,0.7980030477046967,"{'EF_trace_w': array([223.25537   ,  23.962725  ,  20.530432  ,  22.37806   ,
        15.360718  ,   6.9427876 ,  14.840828  ,  18.250992  ,
        17.853855  ,  10.647065  ,   2.5872884 ,   8.839227  ,
         5.3515368 ,   4.88645   ,   0.68376017,   3.4793155 ],
      dtype=float32), 'EF_trace_a': array([0.6679641 , 0.26631325, 0.18372393, 0.21751834, 0.11837371,
       0.11837371, 0.26582184, 0.21255806, 0.17957072, 0.07814836,
       0.07814836, 0.25890496, 0.03966981, 0.0691826 , 0.04673326],
      dtype=float32), 'avg_EF': 10.416185}",,0,0
9,0.7888621687889099,0.6607,32,0.0015625,0.7633011125855975,"{'EF_trace_w': array([5.1231647 , 0.39687014, 0.35470945, 0.44618005, 0.23714633,
       0.6688649 , 0.40155643, 0.51613635, 0.51744586, 0.29525557,
       0.15872082, 0.38906583, 0.3244304 , 0.28296536, 0.04279166,
       1.1674714 ], dtype=float32), 'EF_trace_a': array([0.6151912 , 0.17435871, 0.12189002, 0.18706247, 0.09922338,
       0.09922338, 0.29496413, 0.18003246, 0.27440825, 0.08376537,
       0.08376537, 0.41598898, 0.06550423, 0.2937183 , 0.1385944 ],
      dtype=float32), 'avg_EF': 0.4015952}",,0,0
9,0.8197115659713745,0.6592,64,0.0015625,0.747796916299396,"{'EF_trace_w': array([18.981344  ,  1.4383554 ,  1.5010538 ,  1.7656323 ,  1.0359277 ,
        1.6440129 ,  1.4353341 ,  2.0219793 ,  1.3146197 ,  0.76719975,
        0.34379858,  0.86652905,  0.4557394 ,  0.34009165,  0.06396433,
        1.9963412 ], dtype=float32), 'EF_trace_a': array([0.90344   , 0.22243063, 0.17276552, 0.31910163, 0.12784159,
       0.12784159, 0.33216828, 0.20437558, 0.23826355, 0.09460706,
       0.09460706, 0.3324696 , 0.02730705, 0.08000477, 0.08223982],
      dtype=float32), 'avg_EF': 1.0482949}",,0,0
9,0.8064903616905212,0.6618,128,0.0015625,0.7748826046784719,"{'EF_trace_w': array([15.984244  ,  1.4511752 ,  1.5130991 ,  1.7405792 ,  1.238149  ,
        1.8477826 ,  1.7068667 ,  1.9674613 ,  1.949647  ,  1.171225  ,
        0.4324401 ,  1.2573628 ,  1.0474423 ,  0.82178223,  0.10043814,
        1.2967643 ], dtype=float32), 'EF_trace_a': array([0.9461539 , 0.23520301, 0.1891657 , 0.27242702, 0.11584872,
       0.11584872, 0.42996603, 0.22525746, 0.344877  , 0.09609869,
       0.09609869, 0.4528297 , 0.07304823, 0.2807387 , 0.07569882],
      dtype=float32), 'avg_EF': 1.2985114}",,0,0
9,0.8038651347160339,0.6422,256,0.0015625,0.74794073899587,"{'EF_trace_w': array([72.1808    ,  6.862919  ,  4.6790795 ,  5.173906  ,  3.5516608 ,
        3.7149625 ,  5.068863  ,  6.2446704 ,  5.3444986 ,  3.0590625 ,
        1.0395103 ,  2.710629  ,  1.5558357 ,  1.1598561 ,  0.20697053,
        2.5191748 ], dtype=float32), 'EF_trace_a': array([0.77190566, 0.25436097, 0.20118853, 0.22877915, 0.13477908,
       0.13477908, 0.3112701 , 0.24291304, 0.24608643, 0.08859556,
       0.08859556, 0.305     , 0.03624899, 0.0748267 , 0.05809452],
      dtype=float32), 'avg_EF': 3.3192525}",,0,0
9,0.8187934160232544,0.6476,512,0.0015625,0.7908422417110866,"{'EF_trace_w': array([206.63103   ,  14.080412  ,   8.685511  ,  10.584318  ,
         5.039931  ,   3.6987503 ,   6.0152493 ,   8.903668  ,
         7.293355  ,   4.6703253 ,   1.6547031 ,   4.9880133 ,
         3.4061217 ,   2.2739782 ,   0.27698863,   2.001154  ],
      dtype=float32), 'EF_trace_a': array([0.92162275, 0.284458  , 0.1814826 , 0.23331943, 0.12402595,
       0.12402595, 0.28192553, 0.20577082, 0.22313243, 0.08691104,
       0.08691104, 0.3705691 , 0.06062636, 0.10803833, 0.05127406],
      dtype=float32), 'avg_EF': 5.2392316}",,0,0
9,0.820556640625,0.6377,1024,0.0015625,0.777916431427002,"{'EF_trace_w': array([1.1524675e+03, 4.4737946e+01, 3.1732647e+01, 2.8673691e+01,
       2.3683802e+01, 9.4478054e+00, 2.5465496e+01, 2.7555286e+01,
       2.4664028e+01, 1.3391244e+01, 3.0418098e+00, 9.4708920e+00,
       5.4548712e+00, 5.4012585e+00, 6.7251682e-01, 1.6050060e+00],
      dtype=float32), 'EF_trace_a': array([0.58824855, 0.25562307, 0.18967424, 0.17225048, 0.11957628,
       0.11957628, 0.21278179, 0.17006801, 0.15072082, 0.06006483,
       0.06006483, 0.17497215, 0.02652561, 0.04460401, 0.04256723],
      dtype=float32), 'avg_EF': 14.020267}",,0,0
10,0.7960737347602844,0.6483,32,0.0015625,0.7250302996900346,"{'EF_trace_w': array([7.2501745 , 0.7096921 , 0.45970452, 0.5116229 , 0.24368107,
       0.6910961 , 0.3711578 , 0.4718927 , 0.42559624, 0.27135697,
       0.15392661, 0.41794884, 0.4228111 , 0.38083455, 0.04378632,
       1.191248  ], dtype=float32), 'EF_trace_a': array([0.70374584, 0.33011487, 0.20785016, 0.38254413, 0.16563654,
       0.16563654, 0.27863047, 0.19429791, 0.3444585 , 0.11153309,
       0.11153309, 0.58731973, 0.15081581, 0.44763988, 0.18224694],
      dtype=float32), 'avg_EF': 0.44334108}",,0,0
10,0.7964743375778198,0.6399,64,0.0015625,0.7338946561018626,"{'EF_trace_w': array([13.623988  ,  1.2103703 ,  1.0808387 ,  1.2248251 ,  0.7083658 ,
        1.4584242 ,  0.9281054 ,  1.1900032 ,  0.9424465 ,  0.56530577,
        0.27985963,  0.69442934,  0.4129541 ,  0.3480239 ,  0.05417253,
        1.412133  ], dtype=float32), 'EF_trace_a': array([0.7340588 , 0.21614623, 0.14690718, 0.2649239 , 0.11202873,
       0.11202873, 0.28580704, 0.17856835, 0.1980043 , 0.09243749,
       0.09243749, 0.36498997, 0.03535647, 0.13547727, 0.08035528],
      dtype=float32), 'avg_EF': 0.800366}",,0,0
10,0.8135015964508057,0.6289,128,0.0015625,0.6147416896290249,"{'EF_trace_w': array([23.624878  ,  2.16053   ,  1.6379215 ,  1.9348667 ,  1.026997  ,
        1.4839822 ,  1.4771981 ,  2.1463025 ,  1.684526  ,  1.1196593 ,
        0.3976337 ,  1.1301248 ,  0.87720203,  0.6217751 ,  0.08293448,
        1.3250854 ], dtype=float32), 'EF_trace_a': array([1.0751319 , 0.35629538, 0.1600268 , 0.3309677 , 0.12527873,
       0.12527873, 0.34156215, 0.24360076, 0.35494754, 0.09934536,
       0.09934536, 0.47313964, 0.06068911, 0.20084779, 0.07480572],
      dtype=float32), 'avg_EF': 1.2587236}",,0,0
10,0.8429276347160339,0.6889,256,0.0015625,0.7149608582258224,"{'EF_trace_w': array([60.340485  ,  6.1719384 ,  4.8719215 ,  5.4742217 ,  3.0310504 ,
        3.6292698 ,  4.709433  ,  5.4774265 ,  4.436278  ,  2.656373  ,
        0.90181935,  1.9620162 ,  1.0964257 ,  1.0686791 ,  0.17444907,
        2.016543  ], dtype=float32), 'EF_trace_a': array([0.49855846, 0.2377729 , 0.14775075, 0.1528988 , 0.09922326,
       0.09922326, 0.2212391 , 0.1691863 , 0.1539362 , 0.06088879,
       0.06088879, 0.15105344, 0.01934478, 0.05440798, 0.04369463],
      dtype=float32), 'avg_EF': 2.894111}",,0,0
10,0.8070746660232544,0.6462,512,0.0015625,0.8419337007734511,"{'EF_trace_w': array([293.71738   ,  11.229892  ,   7.38466   ,  14.288392  ,
         6.0177536 ,   5.384256  ,   7.57052   ,  10.387296  ,
         8.728668  ,   5.4735875 ,   1.6670927 ,   5.0942917 ,
         3.168695  ,   2.129321  ,   0.32713383,   1.7978648 ],
      dtype=float32), 'EF_trace_a': array([0.8193775 , 0.27548268, 0.19424559, 0.27659297, 0.12356591,
       0.12356591, 0.32623306, 0.2546305 , 0.25242236, 0.10013922,
       0.10013922, 0.34599015, 0.05070401, 0.09506138, 0.05262539],
      dtype=float32), 'avg_EF': 5.749992}",,0,0
10,0.765625,0.6514,1024,0.0015625,0.7942497895823585,"{'EF_trace_w': array([294.06033  ,  29.808605 ,  21.339527 ,  25.51897  ,  12.034032 ,
         6.962282 ,  15.480857 ,  20.673952 ,  18.217829 ,  10.64112  ,
         2.5005744,   8.28682  ,   5.14571  ,   4.846915 ,   0.6245113,
         2.5211318], dtype=float32), 'EF_trace_a': array([0.6931373 , 0.27335456, 0.17633441, 0.21205449, 0.11355789,
       0.11355789, 0.27998954, 0.19615263, 0.178971  , 0.07291882,
       0.07291882, 0.21171394, 0.03329051, 0.05482974, 0.04218318],
      dtype=float32), 'avg_EF': 10.448956}",,0,0
11,0.8161057829856873,0.6574,32,0.0015625,0.7436126669247944,"{'EF_trace_w': array([7.9438295 , 0.61337143, 0.5574929 , 0.6915684 , 0.3538761 ,
       0.7737247 , 0.4349483 , 0.6124216 , 0.41354218, 0.24347673,
       0.18118155, 0.41645694, 0.30954188, 0.2602116 , 0.04446701,
       1.5242759 ], dtype=float32), 'EF_trace_a': array([0.8266847 , 0.18083166, 0.12175308, 0.25456965, 0.09181628,
       0.09181628, 0.17560521, 0.11861235, 0.1863696 , 0.07406427,
       0.07406427, 0.33412254, 0.04199056, 0.22151493, 0.11736573],
      dtype=float32), 'avg_EF': 0.47006744}",,0,0
11,0.7882612347602844,0.6431,64,0.0015625,0.7187959320015378,"{'EF_trace_w': array([11.50611   ,  1.0113534 ,  0.89606893,  1.0330775 ,  0.6069591 ,
        1.132631  ,  0.8079643 ,  1.2004353 ,  0.8138854 ,  0.5964101 ,
        0.25503984,  0.75764877,  0.63849145,  0.4266212 ,  0.06006202,
        1.3305594 ], dtype=float32), 'EF_trace_a': array([1.2404463 , 0.27133366, 0.17276561, 0.30106193, 0.13544063,
       0.13544063, 0.32999814, 0.22384343, 0.24602492, 0.10842156,
       0.10842156, 0.5461787 , 0.08033065, 0.21381965, 0.09944704],
      dtype=float32), 'avg_EF': 0.7680576}",,0,0
11,0.8165063858032227,0.6185,128,0.0015625,0.7567639615800645,"{'EF_trace_w': array([32.61038   ,  2.4791853 ,  1.9335836 ,  2.9031281 ,  1.8006124 ,
        2.2251637 ,  2.0465028 ,  2.681079  ,  2.3443615 ,  1.3739667 ,
        0.5269102 ,  1.27674   ,  0.7229312 ,  0.6024354 ,  0.09199935,
        1.6668811 ], dtype=float32), 'EF_trace_a': array([0.83137643, 0.23253378, 0.1694926 , 0.32102662, 0.11148954,
       0.11148954, 0.30814698, 0.21904843, 0.27528527, 0.09040961,
       0.09040961, 0.34329098, 0.03684454, 0.11313058, 0.07113945],
      dtype=float32), 'avg_EF': 1.5756905}",,0,0
11,0.7925575375556946,0.6149,256,0.0015625,0.7646633519066705,"{'EF_trace_w': array([1.8438231e+02, 9.0967855e+00, 6.1832457e+00, 6.1111250e+00,
       3.5376182e+00, 4.2695413e+00, 5.3047509e+00, 6.5758638e+00,
       5.4729404e+00, 2.9964850e+00, 9.8838121e-01, 2.2758894e+00,
       1.0054586e+00, 8.6138088e-01, 1.8186471e-01, 2.6990616e+00],
      dtype=float32), 'EF_trace_a': array([0.51231706, 0.20099173, 0.13175015, 0.14894763, 0.10344107,
       0.10344107, 0.29110298, 0.17670183, 0.14787595, 0.05493981,
       0.05493981, 0.15080675, 0.01511321, 0.03401862, 0.04609876],
      dtype=float32), 'avg_EF': 3.507056}",,0,0
11,0.8125,0.6566,512,0.0015625,0.7787261870172288,"{'EF_trace_w': array([157.18332   ,  16.75177   ,  11.794407  ,   7.368473  ,
         5.48665   ,   6.107559  ,   8.019853  ,  10.449907  ,
         9.869319  ,   5.3222356 ,   1.5650445 ,   4.635109  ,
         2.6619687 ,   2.4643612 ,   0.38101923,   2.7091007 ],
      dtype=float32), 'EF_trace_a': array([0.60725427, 0.26156467, 0.18393782, 0.13752039, 0.13207458,
       0.13207458, 0.25637233, 0.19555728, 0.21308166, 0.07976441,
       0.07976441, 0.24666318, 0.03582755, 0.07555074, 0.05044832],
      dtype=float32), 'avg_EF': 5.8039856}",,0,0
11,0.777099609375,0.6522,1024,0.0015625,0.7771536111831665,"{'EF_trace_w': array([524.6759    ,  89.37989   ,  34.31398   ,  23.047272  ,
        17.795101  ,  11.171099  ,  19.512909  ,  22.447107  ,
        26.51305   ,  14.89117   ,   2.8700948 ,  11.2973175 ,
         5.7412586 ,   5.026298  ,   0.80354214,   3.9995244 ],
      dtype=float32), 'EF_trace_a': array([0.42117506, 0.22404253, 0.17113099, 0.13082832, 0.10868081,
       0.10868081, 0.18845089, 0.15704837, 0.1457372 , 0.06588367,
       0.06588367, 0.19042104, 0.03197965, 0.04393332, 0.04116268],
      dtype=float32), 'avg_EF': 14.503643}",,0,0
