precision,emd,noise 5%,noise 10%,noise 15%,noise 20%,batch_size,learning_rate,avg_cka,avg_EF,net_efficiency,trace,eigenvalue
2,13.756807327270508,13.756808280944824,13.756808280944824,13.756808280944824,13.756808280944824,16,0.1,0.0,0.0,0.0055294114308958,0.0,0.0
2,13.756807327270508,13.756729125976562,13.755988121032717,13.755216598510742,13.75498390197754,16,0.05,0.3843333739075913,0.0,0.04945599469,0.0,0.0
2,7.678293704986572,3.5535945892333984,3.553208112716675,3.553208112716675,3.553208112716675,16,0.025,0.362395622043146,0.0,0.0059699943027382,0.09636691038586952,-0.20466395613588112
2,3.5532188415527344,3.562032699584961,3.5626845359802246,3.5628952980041504,3.563481092453003,16,0.0125,0.4210761365765292,0.0,0.0030228441539583,0.08479567927060362,-0.21623505460552922
2,3.189356724421183,3.169098377227783,3.287214994430542,3.410857915878296,3.507692575454712,16,0.00625,0.495451965679725,-4.695737515147976,0.1153875377319912,3.854808669825577,1.646188306535307
2,3.0947959423065186,2.9888739585876465,3.216609477996826,3.4479410648345947,3.6411967277526855,16,0.003125,0.4737668368551466,-3.8755645765128763,0.1649041902901466,4.392295670989259,1.9902465484969538
2,2.7687958081563315,2.945455312728882,3.285296440124512,3.685133934020996,4.065652370452881,16,0.0015625,0.4776754362715615,-2.471942973774289,0.205130956701593,3.5476080023740244,-149.52750142415366
2,13.756810188293455,13.756808280944824,13.756808280944824,13.756808280944824,13.756808280944824,32,0.1,0.0,0.0,0.086255808699492,0.0,0.0
2,13.756810188293455,13.756712913513184,13.756295204162598,13.755823135375977,13.755777359008787,32,0.05,0.3717394270028712,0.0,0.0715814192161761,0.0,0.0
2,8.856017112731934,3.5531997680664062,3.550909757614136,3.5535638332366943,3.574366331100464,32,0.025,0.2701771813056742,0.0,0.0028207060321213,0.14077523977975975,-0.160255592012934
2,3.5498488744099936,3.539049863815308,3.53450870513916,3.530791759490967,3.52778697013855,32,0.0125,0.0145473818605144,0.0,0.036538812769275,1.616607599714755,-0.20078954688401876
2,3.207635283470154,3.170452117919922,3.3095145225524902,3.4521055221557617,3.5549211502075195,32,0.00625,0.2097241490873163,-4.274699585452233,0.1161890760446035,3.795145144169021,1.4145958382095687
2,2.891343673070272,2.8856709003448486,3.098428964614868,3.340414047241211,3.549936532974243,32,0.003125,0.6630800614754359,-3.5750142431366236,0.1660017975413147,3.900718578375121,1.5454777688625607
2,2.894218842188517,3.3351175785064697,3.506067276000977,3.73746395111084,3.941789150238037,32,0.0015625,0.5728672362036176,-3.6078310265518407,0.1570100611328915,4.279723053749009,1.7811475925806517
2,13.756810188293455,13.756808280944824,13.756808280944824,13.756808280944824,13.756808280944824,64,0.1,0.0,0.0,0.0927967747525011,0.0,0.0
2,13.756810188293455,13.756437301635742,13.75409698486328,13.753427505493164,13.754460334777832,64,0.05,0.0,0.0,0.0807694921555136,0.0,0.0
2,9.915040651957192,8.088204383850098,8.344703674316406,8.923652648925781,9.823466300964355,64,0.025,0.6540649036566416,-23.2554764168765,0.0436460408485857,-5.414561399971821e-12,-8.71170320168244e-17
2,3.4843674500783286,3.4677531719207764,3.546490430831909,3.6226534843444815,3.683509826660156,64,0.0125,0.0715643702747507,-3.5898896970090424,0.0985575139517995,3.418185464405548,1.3335477130914992
2,3.457327047983805,3.374953031539917,3.409932851791382,3.4407384395599365,3.4651544094085693,64,0.00625,0.1790127308858634,-5.861747840859395,0.0772382911504181,3.414385100210456,1.360964590616324
2,3.0488696893056235,3.004939556121826,3.1770505905151367,3.374532699584961,3.5503525733947754,64,0.003125,0.5250163889593549,-4.81273423408441,0.1539595169218185,4.452240805517982,2.1545614239569284
2,2.925020376841227,3.1150801181793213,3.2896275520324707,3.5194218158721924,3.697631597518921,64,0.0015625,0.6045922769440545,-4.904178719676095,0.1265532348579652,4.829788087600439,2.3114853438545566
2,13.756810188293455,13.756808280944824,13.756808280944824,13.756808280944824,13.756808280944824,128,0.1,0.0,0.0,0.0543174499121245,0.0,0.0
2,13.756810188293455,13.75678825378418,13.755951881408691,13.755475044250488,13.755545616149902,128,0.05,0.0575345876471449,0.0,5.472478697932525e-05,0.0,0.0
2,8.545428911844889,7.975491046905518,7.991893768310547,8.13248348236084,8.60416316986084,128,0.025,0.6763425568739573,-25.962407322585463,0.0046015572868773,-1.8111822376258868e-11,-9.184977522888561e-16
2,3.5085031191507974,3.4961400032043457,3.4953746795654297,3.494968175888061,3.4945242404937744,128,0.0125,0.2226729678762997,0.0,0.0659137057044143,1.8206223154759036,-0.1959937264250272
2,3.110898733139038,3.014469146728516,3.1558358669281006,3.341209888458252,3.50415587425232,128,0.00625,0.6461722213360999,-2.5123785108426926,0.1328901968611404,3.834209715993556,1.3579041315316804
2,3.047548691431681,3.0612151622772217,3.2029716968536377,3.380989789962769,3.537928581237793,128,0.003125,0.5074246525764465,-3.4035648109458525,0.1332174749064573,4.019884857689728,1.5942193476281818
2,2.7152910232543945,2.580362319946289,3.002124071121216,3.399165391921997,3.71060848236084,128,0.0015625,0.6158861799372567,-1.7519396871745478,0.2894503087331322,4.131345137245521,1.4766487733103224
2,13.756810188293455,13.756808280944824,13.756808280944824,13.756808280944824,13.756808280944824,256,0.1,0.0,0.0,0.0129733427842258,0.0,0.0
2,13.756810188293455,13.756808280944824,13.75678539276123,13.756587028503418,13.756714820861816,256,0.05,0.0,0.0,0.0028118290595018,0.0,0.0
2,11.367493311564129,11.00571060180664,11.688888549804688,12.42140769958496,12.967023849487305,256,0.025,0.6175895225670602,0.0,0.004142082630811,-3.575570737591744e-23,-1.738751008652377e-26
2,4.645766894022624,3.4847373962402344,3.484870433807373,3.485273122787476,3.485996961593628,256,0.0125,0.1495194797235955,0.0,0.0738649286652614,1.8223430058675423,-0.19888962952900396
2,3.2621193726857505,3.248432159423828,3.3482840061187744,3.477861166000366,3.595404863357544,256,0.00625,0.298591472622421,-2.148254762120526,0.1556322335454745,4.124305893348245,1.818421644137178
2,3.1406570275624595,2.8618195056915283,3.084846258163452,3.376454591751098,3.647185325622559,256,0.003125,0.4861192899859614,-0.9233993472445606,0.2847823609483418,4.473563264094682,2.0711255745937858
2,2.9408181508382163,2.9549672603607178,3.1617367267608643,3.41373610496521,3.620493650436402,256,0.0015625,0.7381161981158786,-3.8266489349862334,0.1547794552315966,4.124390787709561,1.5703356482843782
2,13.756810188293455,13.756808280944824,13.756808280944824,13.756808280944824,13.756808280944824,512,0.1,0.0,0.0,0.0028164864815528,0.0,0.0
2,13.756810188293455,13.756808280944824,13.756762504577637,13.756402969360352,13.75648593902588,512,0.05,0.7061136392197417,0.0,0.0026696425283353,0.0,0.0
2,11.085002581278482,9.91495132446289,10.49739933013916,11.386409759521484,12.055712699890137,512,0.025,0.630028612083859,-44.52287874528034,0.001118608346274,-8.915639654516675e-20,-1.49051338199434e-23
2,3.4247280756632485,3.312991142272949,3.3744590282440186,3.4542236328125,3.516896724700928,512,0.0125,0.1255549630172809,-4.805327148748802,0.0925282556246265,4.701375376272837,2.664696124580092
2,3.2658492724100747,3.1537795066833496,3.252239465713501,3.378376007080078,3.4936001300811768,512,0.00625,0.2414521778312822,-3.756487663014397,0.1795065730825258,4.403499601570303,2.076366927207172
2,3.0752241611480717,2.9232754707336426,3.096421480178833,3.349395751953125,3.5976624488830566,512,0.003125,0.562197263042132,-2.7081488975800823,0.1612065165649231,4.053184327013818,1.5421723300590813
2,3.0916452407836914,3.0359437465667725,3.273761749267578,3.5190136432647705,3.7325518131256095,512,0.0015625,0.618440513809522,-1.751999744424285,0.1489497111107317,4.119047729013028,1.6637472674477294
2,13.756810188293455,13.756808280944824,13.756808280944824,13.756808280944824,13.756808280944824,1024,0.1,0.0,0.0,0.003777413891479,0.0,0.0
2,13.756810188293455,13.756808280944824,13.756808280944824,13.756808280944824,13.756808280944824,1024,0.05,0.3135128836082812,0.0,5.472478697932525e-05,0.0,0.0
2,11.303340276082356,8.096663475036621,8.64862060546875,9.757025718688965,10.381332397460938,1024,0.025,0.6039013494220045,-38.95299747973521,0.004595984830599,-1.601754920427847e-16,-2.8996565957040628e-21
2,7.523851156234741,7.313754081726074,7.43300724029541,7.510518550872803,7.642223834991455,1024,0.0125,0.2767715286535377,-13.956527590216886,0.1080614757346767,-0.000623574480618,-6.430195298889885e-06
2,3.370379447937012,3.262641906738281,3.4732046127319336,3.746882915496826,3.9330573081970215,1024,0.00625,0.3443870696333262,0.5582006769941776,0.1877520667282826,4.643220514061335,2.3562063150648402
2,3.188917795817057,2.99296236038208,3.0438032150268555,3.2470760345458984,3.469994068145752,1024,0.003125,0.5645097610023286,-1.9629702458827372,0.1921726910520895,4.10725218860232,1.581272197813078
2,2.9756664435068765,2.9840259552001958,3.2733733654022217,3.6026430130004883,3.861844539642334,1024,0.0015625,0.7373052421543334,-0.3979560235763344,0.2061678483531802,4.216703246426128,1.6666081400569213
3,13.756807327270508,13.756808280944824,13.756522178649902,13.756183624267578,13.755755424499512,16,0.1,0.0,0.0,5.472478697932525e-05,0.0,0.0
3,13.756806373596191,13.749829292297363,13.738751411437988,13.734661102294922,13.7371244430542,16,0.05,0.7726961076259613,0.0,0.0003429472550852,0.0,0.0
3,6.588415225346883,3.871546030044556,3.973720550537109,4.0726423263549805,4.148839950561523,16,0.025,0.2900972596059243,-0.44028451855726847,0.130906822624048,8.114137255602957,6.049337332243688
3,2.9312841097513838,2.753293752670288,3.0984127521514893,3.396650552749634,3.632362365722656,16,0.0125,0.2941984132760101,-2.5658041266772913,0.4154557645108681,5.39942984404452,2.798733221597679
3,1.967709183692932,2.15643048286438,2.592252016067505,3.0053868293762207,3.343989610671997,16,0.00625,0.6998555676804649,-1.6694349196491196,0.4594991809576234,4.411757803804557,1.6553363338353368
3,1.860877513885498,1.9608495235443115,2.464895009994507,2.9940686225891118,3.435856580734253,16,0.003125,0.8016882538795471,-2.0535454259613175,0.6347871505197578,4.224493354804715,1.4838370924087496
3,1.5835820039113362,1.9864695072174072,2.7362046241760254,3.405677318572998,3.885910987854004,16,0.0015625,0.8113830553160774,-2.060316894526607,0.5397382624659228,3.8508623385269294,1.4123610228210652
3,13.756810188293455,13.756808280944824,13.756808280944824,13.756808280944824,13.756808280944824,32,0.1,0.0,0.0,0.073352470459921,0.0,0.0
3,13.756457010904947,13.743454933166504,13.733098030090332,13.736655235290527,13.74184799194336,32,0.05,0.1948288670844501,0.0,0.0234225441331513,0.0,0.0
3,7.354602177937825,3.579146385192871,3.661013126373291,3.7294788360595694,3.77976131439209,32,0.025,0.3038520923194786,0.0,5.472478697932525e-05,0.08361397091969923,-0.21741683614324206
3,2.7384634017944336,2.506109476089477,2.95997166633606,3.4168901443481445,3.7905819416046143,32,0.0125,0.2498813627494706,-2.0615871854655086,0.4631709458138169,4.994180992119612,2.352465591792956
3,1.8177190224329631,2.058665990829468,2.5398924350738525,2.96638822555542,3.299071311950684,32,0.00625,0.8613112601968977,-2.143393139952285,0.5909789902708787,4.733729287484333,2.144170576553405
3,1.7299485206604004,1.9015377759933472,2.409080982208252,2.8866660594940186,3.2714157104492188,32,0.003125,0.7669605049822066,-2.5808114998860816,0.6660902856583276,3.5786542143954403,1.3069615764969382
3,1.4285861651102705,1.746631741523743,2.395591974258423,2.977874755859375,3.421191930770874,32,0.0015625,0.8651506702105204,-4.213104333726061,0.5855441626451222,4.4770053514426476,2.131614517272295
3,13.756810188293455,13.756808280944824,13.756742477416992,13.75668716430664,13.756613731384276,64,0.1,0.0,0.0,0.001121426703849,0.0,0.0
3,13.746607144673666,13.62291431427002,13.58285427093506,13.601613998413086,13.628813743591309,64,0.05,0.1111111111111111,0.0,0.0001323767091677,-1.3035367088053805e-33,-7.796521825563152e-37
3,8.54724391301473,7.585354804992676,8.206658363342285,9.32296657562256,10.466809272766112,64,0.025,0.5602894114951292,-30.394817446486282,0.041957239584356,-3.270449266490425e-16,-5.129175470403836e-20
3,3.545067469278971,3.528902053833008,3.5305182933807373,3.5324881076812744,3.5364997386932373,64,0.0125,0.2686445947684762,0.0,0.0099363864747973,3.033610833446034,1.0023222197377777
3,1.91906479994456,2.01163911819458,2.5060582160949707,2.9893198013305664,3.367478609085083,64,0.00625,0.7589521639876896,-2.937697106732364,0.5961758547926067,4.301735998873988,1.5418413315881094
3,1.693191647529602,1.8965189456939695,2.436986923217773,2.9384801387786865,3.3243677616119385,64,0.003125,0.82065173652437,-3.426443159818531,0.6524067426937821,3.6003050336243327,1.6331918652468942
3,1.5340059995651243,1.8105077743530276,2.5157599449157715,3.0899178981781006,3.5016274452209477,64,0.0015625,0.8064494298564063,-4.160135533363575,0.7226460327680135,4.535870595038365,2.014339861916892
3,10.352365732192991,3.5495080947875977,3.615963697433472,3.773740530014038,3.970186948776245,128,0.1,0.0,0.0,5.472478697932525e-05,1.7969444171527345,-0.2040234628806349
3,13.756810188293455,13.756771087646484,13.754977226257324,13.75280475616455,13.75124740600586,128,0.05,0.786973410182529,0.0,5.472478697932525e-05,0.0,0.0
3,5.44170606136322,3.024634599685669,3.233163356781006,3.425713300704956,3.580140829086304,128,0.025,0.3685751206747452,-2.839617886172961,0.1540423194732047,4.936074307117742,2.6579117986365137
3,3.2618183294932046,2.9197497367858887,3.2549679279327397,3.59093713760376,3.8633010387420654,128,0.0125,0.1830521721274172,-1.1922502454311756,0.1086787016624771,4.158928131778678,1.8612564319978404
3,2.433018445968628,2.0455434322357178,2.552272319793701,3.0558226108551025,3.4634029865264893,128,0.00625,0.3839515348275502,-3.2107711665775014,0.6785303794068188,4.722873551400405,1.9251109425548965
3,1.691346565882365,1.8950769901275637,2.503476619720459,3.1162562370300293,3.61080265045166,128,0.003125,0.8382145994239384,-3.569780047844642,0.6932493087814895,4.255362957670098,1.9228969241336775
3,1.5135197639465332,1.844020962715149,2.482140302658081,2.963152885437012,3.275426387786865,128,0.0015625,0.8420523504416149,-3.3364819501429657,0.5361146705048768,4.634363247293637,2.262336077054902
3,13.756810188293455,13.756808280944824,13.756808280944824,13.756808280944824,13.756808280944824,256,0.1,0.0,0.0,0.0027743578711755,0.0,0.0
3,13.756810188293455,13.756738662719728,13.755525588989258,13.754020690917969,13.753412246704102,256,0.05,0.1993099997440973,0.0,0.0010842866980696,0.0,0.0
3,8.314114093780518,8.103487014770508,8.947535514831543,10.034687042236328,10.94054126739502,256,0.025,0.8018058761954308,-29.7918370736328,0.0041725112051408,-1.22865422969196e-13,-1.0953582264367434e-17
3,2.479948401451111,2.0996556282043457,2.498386859893799,2.8645501136779785,3.1659629344940186,256,0.0125,0.4208424896415736,-2.0371263326617415,0.5986646829315011,4.941493938975134,2.15638206725763
3,1.6805053154627485,1.9409801959991453,2.4193639755249023,2.8382160663604736,3.1772732734680176,256,0.00625,0.8311704893906912,-3.4078570100351344,0.5298307469619233,4.423589761938385,1.65669292001003
3,1.6571085055669148,1.9089866876602173,2.4434938430786133,2.940351247787476,3.332873821258545,256,0.003125,0.8332931266890632,-1.9468773606544565,0.6207542612715566,4.33754631191169,1.4974921525259208
3,1.5240367650985718,1.9984374046325684,2.6957035064697266,3.268038749694824,3.6530063152313232,256,0.0015625,0.7569405502743192,-2.6455740270610555,0.657993028708585,4.487197255854264,1.9476063934388654
3,13.756810188293455,13.756808280944824,13.756808280944824,13.756808280944824,13.756808280944824,512,0.1,0.0,0.0,0.0073027616238926,0.0,0.0
3,13.756810188293455,13.756808280944824,13.75657081604004,13.755990982055664,13.755449295043944,512,0.05,0.2691993634733889,0.0,5.472478697932525e-05,0.0,0.0
3,8.493816693623861,8.661887168884277,9.842166900634766,11.063272476196287,11.952544212341309,512,0.025,0.793518528342247,-38.453899505525634,0.0050854690176939,-6.61142771292164e-17,-5.453089406567376e-21
3,2.559708038965861,2.103651762008667,2.5290849208831787,2.943406343460083,3.288208246231079,512,0.0125,0.3751488220360544,-2.5137339748939795,0.515553781097953,4.424874370042904,1.800253501392496
3,1.709670821825663,1.894561529159546,2.4054505825042725,2.9596238136291504,3.408986091613769,512,0.00625,0.8524288203981187,-3.6436845439198517,0.6869951641731579,4.547137094011368,1.8216359971343183
3,1.511559009552002,1.798053503036499,2.319324254989624,2.762707233428955,3.1122586727142334,512,0.003125,0.7953512436813779,-3.317976199910994,0.6193567960138973,4.443913571019601,1.9176042033189493
3,1.5807191928227742,1.899783968925476,2.5484373569488525,3.0722928047180176,3.405569314956665,512,0.0015625,0.8347158597575294,-2.283985298042667,0.6510745649066212,4.398394059504511,1.7746239931213603
3,13.756810188293455,13.756808280944824,13.756808280944824,13.756808280944824,13.75678825378418,1024,0.1,0.0,0.0,5.472478697932525e-05,0.0,0.0
3,13.756810188293455,13.75677490234375,13.755841255187988,13.754426956176758,13.753856658935549,1024,0.05,0.8703703317377303,0.0,0.0041601004308338,0.0,0.0
3,7.91805346806844,7.499904632568359,8.274349212646484,9.516947746276855,10.659871101379396,1024,0.025,0.9223649236891004,-34.930297020358466,0.0135610789390452,-1.582423422756537e-15,-1.0440647842250173e-18
3,3.32403310139974,2.046290874481201,2.485203266143799,2.9662508964538574,3.3636393547058105,1024,0.0125,0.4056382936735948,-1.9790700728528494,0.5779769577490278,4.281022386152838,1.609698562719609
3,1.9580692052841189,1.8679940700531008,2.3862805366516118,2.897267818450928,3.317622661590576,1024,0.00625,0.706251303354899,-1.9745120969788204,0.659151434433449,4.655497183615686,1.90069449736356
3,1.6553391218185425,1.9035688638687132,2.3813185691833496,2.8097052574157715,3.1443612575531006,1024,0.003125,0.7139321996106042,-2.080788604910562,0.6214365216782465,4.557793488668605,1.8433248147383063
3,1.5844767888387044,1.985097050666809,2.5881292819976807,3.082681894302368,3.4058778285980225,1024,0.0015625,0.7754555443922678,-1.3020803204188505,0.434033053972442,4.51891365668882,2.053996887475368
4,13.756698608398438,13.754108428955078,13.74607276916504,13.74184226989746,13.740130424499512,16,0.1,0.0469045576432512,0.0,0.0064484529496659,0.0,0.0
4,13.755401611328123,13.73486328125,13.721660614013672,13.723756790161133,13.73071575164795,16,0.05,0.7586643662717607,0.0,0.0043012140075724,-5.798573045376092e-41,-7.053202270434913e-44
4,7.004456917444865,2.64174222946167,3.1561594009399414,3.580059289932251,3.8932526111602783,16,0.025,0.3714091492195924,-1.9200883061956946,0.1803384823991079,-111042.31477864584,-990.6768391927084
4,1.9109400113423665,2.104581594467163,2.6308727264404297,3.069495439529419,3.4086356163024902,16,0.0125,0.6705809848176109,-1.466882799211504,0.5235726329565006,3.998844386182378,2.1222422680040873
4,1.6969029506047566,1.972218632698059,2.6230685710906982,3.210742712020874,3.664462566375733,16,0.00625,0.7637970348199209,-0.7790657335814976,0.5480395413270233,3.4582869309718083,1.8353459859272865
4,1.3910086552302043,1.7759753465652466,2.39592719078064,2.8844549655914307,3.249397993087769,16,0.003125,0.9075130522251128,-1.6426774062388478,0.4936692497139809,4.665221237681726,1.765408608735115
4,1.230676571528117,1.76900315284729,2.476637125015259,3.023280620574951,3.4685580730438232,16,0.0015625,0.9244035482406616,-2.0746923443098737,0.4820835715506223,4.693621476416748,1.7547951178440246
4,13.756810188293455,13.756808280944824,13.756808280944824,13.756808280944824,13.756771087646484,32,0.1,0.0,0.0,0.0001749262555257,0.0,0.0
4,13.747170766194662,13.716053009033203,13.70575714111328,13.710214614868164,13.71885585784912,32,0.05,0.7887410753303103,0.0,0.0028593085600602,-6.768899782922025e-35,-3.131722281172993e-38
4,5.301364421844482,2.676090717315674,3.0298001766204834,3.3266334533691406,3.546640396118164,32,0.025,0.0978873490045468,-1.8634877539483847,0.1080860064870478,4.619219708482317,2.1721169696285743
4,2.3755508263905845,2.0810747146606445,2.6259539127349854,3.064560413360596,3.387134075164795,32,0.0125,0.4099533946977721,-1.188378283176411,0.3980684541795067,4.693598486112807,1.862827011458998
4,1.4854127566019697,1.8074980974197388,2.4278597831726074,2.931092500686645,3.315154552459717,32,0.00625,0.8952038155661689,-0.47155755631087437,0.5306433148873094,5.7012350676080406,3.0488477102818226
4,1.4866199890772502,1.8496702909469604,2.472856283187866,3.0024564266204834,3.404227495193481,32,0.003125,0.8298999865849812,-3.0575612709789595,0.6096341848831371,4.708140412520803,1.9110279329719904
4,1.2621989250183103,1.8427696228027344,2.5577008724212646,3.112124443054199,3.512747287750244,32,0.0015625,0.8567144340938992,-3.1581705381434775,0.4974984701521942,4.2976950586774265,1.5930246013299507
4,13.756810188293455,13.756808280944824,13.756808280944824,13.756808280944824,13.756808280944824,64,0.1,0.0,0.0,5.472478697932525e-05,0.0,0.0
4,13.254566510518393,12.575489044189451,12.917545318603516,13.150124549865724,13.315187454223633,64,0.05,0.3188700543509589,-41.15539858037366,5.472478697932525e-05,-1.0832867077774393e-21,-2.437566104461547e-25
4,5.167880376180013,3.4860126972198486,3.8290553092956543,4.118979454040527,4.324970722198486,64,0.025,0.2431865024069945,-1.6132161522498898,0.0703904850420227,6.194001579308737,4.139596896332384
4,2.21020770072937,2.070873022079468,2.642171859741211,3.11683988571167,3.4647183418273926,64,0.0125,0.585336446762085,-0.6105636381450334,0.5725166940165519,5.170052417869285,2.3742086762921177
4,1.581973393758138,1.79591965675354,2.4051616191864014,2.8866140842437744,3.2423062324523926,64,0.00625,0.7892865969075097,-1.6162820202211161,0.4923518684622019,4.905985210596615,2.183444633111835
4,1.2433140675226848,1.6605955362319946,2.310483455657959,2.772189855575561,3.089334011077881,64,0.003125,0.9364171657297348,-2.8755943829445374,0.5668567608600191,4.638691420360707,1.7664351647352807
4,1.255314588546753,1.8226163387298584,2.51532244682312,3.000669002532959,3.2955358028411865,64,0.0015625,0.85669235057301,-2.5092843301396317,0.5693395525087487,4.485824209859968,1.967944287442707
4,13.756810188293455,13.756808280944824,13.756808280944824,13.756793975830078,13.756759643554688,128,0.1,0.0,0.0,0.0047954479302632,0.0,0.0
4,13.733343442281088,13.664558410644531,13.6442232131958,13.65027141571045,13.668888092041016,128,0.05,0.9529266125626036,0.0,5.472478697932525e-05,-1.2843444537583371e-30,-1.4625155253623086e-34
4,9.063520749409994,8.9122953414917,10.325475692749023,11.526371002197266,12.330572128295898,128,0.025,0.7029051267438465,-26.86299406517335,0.0238977294346109,-1.254198916119324e-12,-2.701631454835221e-16
4,2.2337363163630166,1.9477163553237915,2.572076797485352,3.090552568435669,3.472453594207764,128,0.0125,0.4657786490602625,-1.1370200704162052,0.4639197257262608,4.7328259279460525,2.0192039097804337
4,1.4990544716517131,1.7620742321014404,2.4118428230285645,2.950605154037476,3.3542940616607666,128,0.00625,0.8686391843689812,-3.6073480609708155,0.621247142229662,4.86779386049547,1.9684151431781853
4,1.2906326055526731,1.716108798980713,2.3214588165283203,2.788956880569458,3.13399338722229,128,0.003125,0.8794693417019315,-2.6075500318326243,0.6423616824611665,4.546128611154852,1.8394705733702592
4,1.297852079073588,1.8502331972122192,2.52587890625,2.9524099826812744,3.190819263458252,128,0.0015625,0.8070357143878937,-1.4781280296365131,0.6703687057501524,4.661440720067341,1.9536540308057568
4,13.756810188293455,13.756808280944824,13.756780624389648,13.756729125976562,13.75661849975586,256,0.1,0.0,0.0,5.472478697932525e-05,0.0,0.0
4,11.39889351526896,7.205153942108154,7.646070957183838,8.041752815246582,8.801008224487305,256,0.05,0.5466149165812466,-20.100937658239264,0.2208116204891148,-8.846900236232058e-07,-9.752274839532523e-09
4,7.782457192738851,7.441040992736816,7.499129295349121,7.866426944732666,8.622457504272461,256,0.025,0.8651017480426364,-21.80039188813065,0.0028364570132909,-4.349850444770875e-08,-1.2700006601917835e-09
4,2.214234550793966,1.9347491264343264,2.544264316558838,3.042641878128052,3.4101431369781494,256,0.0125,0.4536872224675284,-1.0881992592555036,0.3877706800989803,4.318535040436276,1.7036184289779879
4,1.3620993693669636,1.7294986248016355,2.3260927200317383,2.816509246826172,3.1777894496917725,256,0.00625,0.8559352689319187,-2.1601276464779895,0.4770490804106261,4.276888224999393,1.6212089838935635
4,1.421138048171997,1.7548900842666626,2.337209463119507,2.805346965789795,3.144539594650269,256,0.003125,0.8924684458308749,-1.8452059842926112,0.6138746405903317,4.519583595682265,1.817716292333701
4,1.3850841919581096,1.9168686866760252,2.668161392211914,3.1619224548339844,3.4617934226989746,256,0.0015625,0.8232533699936337,-1.6557929796434103,0.5184086397774087,4.352570655972785,1.8943737982913187
4,13.756810188293455,13.756808280944824,13.756808280944824,13.75669288635254,13.75666618347168,512,0.1,0.0,0.0,0.0036138769451335,0.0,0.0
4,13.545520464579264,13.142250061035156,13.284122467041016,13.395766258239746,13.483637809753418,512,0.05,0.7878677613205379,0.0,5.472478697932525e-05,-3.4496418844009724e-21,-1.7900322445397904e-25
4,8.478779474894205,8.841269493103027,10.13312530517578,11.265971183776855,12.04281997680664,512,0.025,0.8860669102933671,-30.08178439326965,0.0035611659094357,-4.048490956674389e-13,-1.4413206653342136e-17
4,3.862865328788757,1.8801002502441408,2.4114348888397217,2.870810031890869,3.210916757583618,512,0.0125,0.20746988345248,-1.2886690693953935,0.4769358061022858,4.54739039379903,1.810403273469267
4,1.5540865659713743,1.7924816608428955,2.373950958251953,2.872891902923584,3.239471912384033,512,0.00625,0.7434963021013472,-0.8248267957796731,0.6439643556760912,4.765398972583507,1.9458667973867563
4,1.3623158534367878,1.6642494201660156,2.2382194995880127,2.7147531509399414,3.0803613662719727,512,0.003125,0.8504127562046051,-1.8922363356705536,0.5119069669325004,4.29249393334747,1.6493190318433295
4,1.7443809111913045,1.888944625854492,2.595896482467652,3.0829598903656006,3.3847410678863525,512,0.0015625,0.7731000085671743,-1.6354325711787134,0.5682978996934072,4.7218683310835825,2.0957293325495012
4,13.756810188293455,13.756808280944824,13.756808280944824,13.756808280944824,13.756808280944824,1024,0.1,0.0,0.0,0.0422593403517763,0.0,0.0
4,13.756810188293455,13.752439498901367,13.741962432861328,13.739619255065918,13.7379150390625,1024,0.05,0.111111130979326,0.0,5.472478697932525e-05,0.0,0.0
4,9.50751527150472,8.768927574157715,10.110514640808104,11.363652229309082,12.178876876831056,1024,0.025,0.8490494522783492,-33.973087557284245,0.0153441200179334,-3.025354579847215e-14,-2.2341034871634017e-18
4,5.987423817316691,3.488121747970581,3.4898338317871094,3.491947650909424,3.495025634765625,1024,0.0125,0.3743020620895549,0.0,0.0593422322805276,2.9530287282247594,0.992705661137541
4,1.475729783376058,1.826787233352661,2.4847452640533447,3.0360703468322754,3.452897787094116,1024,0.00625,0.7289467735422982,-1.4632671802820176,0.466138621450137,4.349403342045152,1.7380800412681858
4,1.544061263402303,1.7753814458847046,2.343926191329956,2.834588050842285,3.2004103660583496,1024,0.003125,0.8101270397504171,-1.1605349628000872,0.625126377268413,4.331250314884697,1.9130797443227827
4,1.5317053000132244,1.9992306232452397,2.733649492263794,3.18637490272522,3.44987154006958,1024,0.0015625,0.8142816954188876,-1.5919688006779056,0.5815360622331103,4.6119723339719565,2.172295628995671
5,13.756807327270508,13.756808280944824,13.756808280944824,13.756808280944824,13.756808280944824,16,0.1,0.0,0.0,0.0010529931039308,0.0,0.0
5,13.713943163553871,13.667366981506348,13.664196014404297,13.680242538452148,13.697765350341797,16,0.05,0.903278582625919,0.0,5.472478697932525e-05,-6.217401868759063e-30,-9.128799349722192e-34
5,2.6551566918691,2.6964986324310303,3.345000982284546,3.7730114459991455,4.037424564361572,16,0.025,0.5201993973718749,-2.1411749221263765,0.1409911631103768,4.475843016675186,2.0296358638395167
5,1.7731406688690186,2.072305202484131,2.7493722438812256,3.259544610977173,3.6066932678222656,16,0.0125,0.7007883952723609,-1.0527430709663221,0.4375821911906507,5.155665831351483,2.707299492774103
5,1.3741523424784343,1.807430624961853,2.4651570320129395,2.9908671379089355,3.386087417602539,16,0.00625,0.8951632844077216,-0.9714927169266923,0.5172767530623641,4.71413268733227,2.02362677573598
5,1.2198565006256104,1.699693202972412,2.390614748001098,2.9320569038391118,3.3307583332061768,16,0.003125,0.849256694316864,-1.084489520860231,0.6141444270170242,4.723333157105606,2.0990388927144763
5,1.1559715668360393,1.8385814428329468,2.56221866607666,3.125504493713379,3.549353837966919,16,0.0015625,0.9139613575405544,-0.8325282670367842,0.4750191236947663,4.4690195353206414,1.9646025561972913
5,13.756810188293455,13.756808280944824,13.756786346435549,13.756545066833496,13.75645351409912,32,0.1,0.0,0.0,5.472478697932525e-05,0.0,0.0
5,13.659982681274414,13.533023834228516,13.553791999816896,13.586073875427246,13.617780685424805,32,0.05,0.2412157567838828,0.0,0.0016417888987387,-1.5278896527702172e-23,-3.624163570590965e-27
5,8.195270538330078,3.718104362487793,3.9001643657684326,3.8699448108673096,3.839616060256958,32,0.025,0.0548057701024744,0.0,5.472478697932525e-05,0.09843493613841138,-0.20259605006373146
5,2.876874605814616,2.103440284729004,2.9159789085388184,3.518510341644287,3.914860486984253,32,0.0125,0.2289398983120918,-1.4615743235167558,0.614119367268648,4.840619456765801,2.088780691516858
5,1.3862532377243042,1.883750438690185,2.5983593463897705,3.120725393295288,3.483860731124878,32,0.00625,0.8888871173063914,-0.8780964015687178,0.5053348356378791,5.066296916722017,2.1942163650205284
5,1.2709123293558755,1.7740288972854614,2.473255157470703,2.984879732131958,3.328213691711426,32,0.003125,0.7988722821076711,-1.0789592046207344,0.4410055790288462,4.664554949917029,1.9954547606837871
5,1.1512428919474285,2.2587661743164062,3.0991485118865967,3.606635808944702,3.902743339538574,32,0.0015625,0.8890901075469123,-0.5362103286773348,0.4847602901241263,5.184758363695719,2.8119408805807193
5,13.756810188293455,13.756808280944824,13.75677490234375,13.756707191467283,13.756499290466309,64,0.1,0.0,0.0,5.472478697932525e-05,0.0,0.0
5,13.70702075958252,13.637683868408203,13.635602951049805,13.655205726623535,13.674803733825684,64,0.05,0.6962445875008901,0.0,0.0019787348208393,-2.5049143592308903e-28,-2.3472663089893376e-32
5,8.524564425150553,8.781099319458008,10.073145866394045,11.25163745880127,12.042373657226562,64,0.025,0.7615766558382246,-24.29454375812121,0.0028704859705937,-2.9028350866526904e-10,-1.3685486403078606e-15
5,2.888888359069824,2.2554523944854736,3.09951114654541,3.6547582149505615,3.9905998706817623,64,0.0125,0.2413953890403111,-1.9893417286208153,0.523064679155356,4.993575444928822,2.2649631922831728
5,1.4514786005020142,1.9287456274032595,2.6676347255706787,3.219006061553955,3.588051080703736,64,0.00625,0.8284537891546885,-0.9456382885389081,0.4650925302039739,4.942775453818629,2.2533166476444215
5,1.2263822952906291,1.7992197275161743,2.557205438613892,3.070866584777832,3.396305084228516,64,0.003125,0.8839731050862206,-0.7262393883924797,0.500501692079165,4.999621944163553,2.7411712262675647
5,1.203288992245992,2.3146889209747314,3.0289416313171387,3.36069130897522,3.535691499710083,64,0.0015625,0.8722799056106143,-0.9524046130571839,0.5205145921331017,4.89870436351463,2.5848524849211847
5,13.756810188293455,13.756808280944824,13.756793975830078,13.756592750549316,13.75650119781494,128,0.1,0.0,0.0,0.0008072782482603,0.0,0.0
5,13.756797790527344,13.751652717590332,13.740653038024902,13.735809326171877,13.734784126281738,128,0.05,0.6631342531181872,0.0,5.472478697932525e-05,0.0,0.0
5,6.512161731719971,3.073500394821167,3.5326545238494877,3.87211799621582,4.11963415145874,128,0.025,0.4529252360678381,-0.5540916480581124,0.1900792373764732,5.796244762471986,3.5683703537346183
5,2.181460698445638,2.111379623413086,2.952694892883301,3.477223396301269,3.782621145248413,128,0.0125,0.373338645324111,-0.9088997530975447,0.4809049256019704,4.984258949015142,2.267558609371527
5,1.296775499979655,1.7408435344696045,2.39704704284668,2.89389443397522,3.250998020172119,128,0.00625,0.865489211347368,-1.02232810169009,0.4550669612514712,4.749580732822164,2.0304823957680362
5,1.2709583441416423,1.7178807258605957,2.439422369003296,2.94580078125,3.291741132736206,128,0.003125,0.7541876319381926,-0.2362569577242219,0.4869769216899379,5.19970842363924,3.002576654961654
5,1.257047414779663,1.959642767906189,2.641510009765625,3.0127997398376465,3.206719160079956,128,0.0015625,0.7634927597310808,-0.25785523184486375,0.4312225258974583,4.948155138387135,2.8628975437132604
5,13.756810188293455,13.756808280944824,13.756808280944824,13.75672435760498,13.756720542907717,256,0.1,0.0,0.0,5.472478697932525e-05,0.0,0.0
5,13.7200558980306,13.66650390625,13.658916473388672,13.669028282165527,13.684947967529297,256,0.05,0.8461630178822411,0.0,0.0047165830133941,-3.205044348079886e-26,-1.107514478079206e-29
5,8.31463368733724,8.099398612976074,8.621065139770508,9.6760892868042,10.751504898071287,256,0.025,0.6267120738824209,-19.290428453297434,0.027583360183453,-3.199362061198178e-06,-3.2231264176137614e-08
5,2.2343624035517373,1.9774205684661863,2.6584513187408447,3.168877363204956,3.513779163360596,256,0.0125,0.3863746581806077,-0.6592089253287359,0.4201730079989177,4.998645997332213,2.2425618945935177
5,1.39741849899292,1.875126957893372,2.4835026264190674,2.924357652664185,3.2199819087982178,256,0.00625,0.7600221269660525,-1.38703953785724,0.4334926097414034,4.632237697714256,2.1095694227187343
5,1.3183789253234863,1.8300949335098269,2.522223472595215,3.020712375640869,3.3389227390289307,256,0.003125,0.834995170434316,-1.2121407669669348,0.5207872435069973,4.795140952509017,2.303248903822251
5,1.3332398335138955,1.9648183584213257,2.6667964458465576,3.081810712814331,3.3140108585357666,256,0.0015625,0.7262200282679664,-1.0294070313028878,0.5251345407333629,4.919583696422482,2.465956206103273
5,13.756810188293455,13.756808280944824,13.756808280944824,13.756808280944824,13.756808280944824,512,0.1,0.0,0.0,0.0062725489831598,0.0,0.0
5,13.756810188293455,13.75644874572754,13.75357723236084,13.751022338867188,13.749837875366213,512,0.05,0.3412422281253384,0.0,5.472478697932525e-05,0.0,0.0
5,8.089453220367432,8.4022855758667,10.210238456726074,11.534476280212402,12.331088066101074,512,0.025,0.7984125680393643,-28.216924118509045,0.0401422261505716,-4.9368901038432056e-12,-4.079073548867779e-17
5,2.2855437596639,2.020796775817871,2.7120554447174072,3.2284672260284424,3.5602340698242188,512,0.0125,0.406446597021487,-0.6093623275570839,0.3865131613434968,4.907253797498798,2.3850207018694705
5,1.279195745786031,1.771897315979004,2.485802173614502,3.003277540206909,3.340974807739258,512,0.00625,0.821856313281589,-0.8718643608197252,0.5385595443106108,4.674412188829864,2.2510058684949237
5,1.5202168623606365,1.883195281028748,2.562001943588257,3.058128833770752,3.3981101512908936,512,0.003125,0.7262500094042884,-0.22878142189679812,0.4146960257450276,5.01113651403276,2.7736285033748924
5,1.5137162605921428,2.1081554889678955,2.8187973499298096,3.194462776184082,3.3968212604522705,512,0.0015625,0.8020649883482192,-0.6695083853266325,0.4722338205434737,4.4477355542118175,2.20929360091107
5,13.756810188293455,13.756808280944824,13.756808280944824,13.756808280944824,13.756808280944824,1024,0.1,0.0,0.0,0.0026110454657378,0.0,0.0
5,13.756810188293455,13.751091003417969,13.74278736114502,13.740077018737791,13.740431785583496,1024,0.05,0.4835550751951005,0.0,5.472478697932525e-05,-5.124535638799933e-38,-3.7550127849024006e-42
5,8.119535287221273,7.324641704559326,8.467080116271973,9.831554412841797,10.922513961791992,1024,0.025,0.8116022017267015,-23.488750503165026,0.0504564115876136,-1.4680126122452892e-08,-4.6493262018110215e-10
5,1.481541633605957,1.872351884841919,2.5269105434417725,3.0534064769744877,3.4338223934173584,1024,0.0125,0.8776156935426924,-0.5818484832191855,0.421722965032318,4.704209784920973,1.9587890148241414
5,1.4596798817316692,1.8762954473495483,2.6720731258392334,3.265380859375,3.6433300971984863,1024,0.00625,0.8094359470738305,-0.2530178822308021,0.4972925886483414,4.956009659645948,2.195311818491283
5,1.4804921944936116,1.766457438468933,2.416170835494995,2.881457090377808,3.1906497478485107,1024,0.003125,0.589958690934711,-1.02959453981486,0.4858064573817042,4.5329874253689635,2.1038558104557166
5,1.2517183621724446,2.2324936389923096,2.98095703125,3.3808517456054688,3.5977466106414795,1024,0.0015625,0.8540108071433173,-1.1578642496348726,0.3730247664442345,4.53480205086772,2.2575706531086435
6,13.756807327270508,13.756808280944824,13.756808280944824,13.756684303283691,13.756800651550291,16,0.1,0.0,0.0,0.0026166130839751,0.0,0.0
6,13.68934122721354,13.639592170715332,13.642943382263184,13.660901069641112,13.678210258483888,16,0.05,0.5307380325264401,0.0,0.0008252776061583,-5.385472202737392e-25,-3.730793314409272e-28
6,6.264570871988933,3.553208112716675,3.553208112716675,3.553208112716675,3.553208112716675,16,0.025,0.2381400532192654,0.0,5.472478697932525e-05,0.10214188023655472,-0.19888887929783283
6,2.34917143980662,2.818200826644897,3.967294692993164,4.5968852043151855,4.956974506378174,16,0.0125,0.2403584751817915,-1.2437341049096249,0.5489293887878349,4.730589933964903,2.391218216559578
6,1.375908613204956,2.11747407913208,3.00586485862732,3.559562921524048,3.91803765296936,16,0.00625,0.7933786345852746,-1.0238966804091656,0.5831940231421764,-42934.28994210561,-1054.178487141927
6,1.2194299697875977,1.7810157537460327,2.5408084392547607,3.117682456970215,3.5102362632751465,16,0.003125,0.8893025186326768,-1.124224591188358,0.6215345644403218,5.183875097371952,2.3919002010273407
6,1.185078501701355,2.215447187423706,3.1607038974761963,3.776833534240722,4.13957405090332,16,0.0015625,0.8687360220485264,-0.778547159919344,0.5347023941852964,5.1784978721462425,2.596383956508577
6,13.756810188293455,13.756808280944824,13.75673770904541,13.75641918182373,13.75621223449707,32,0.1,0.0,0.0,0.000124474396997,0.0,0.0
6,13.569326718648275,13.38375473022461,13.488734245300291,13.562296867370604,13.615771293640137,32,0.05,0.8809264070457883,-40.614036429399306,0.0053099084929775,-5.863879296494127e-20,-1.7499819794723161e-22
6,6.989657402038574,5.200537204742432,5.383071899414063,5.525837421417236,5.635223388671875,32,0.025,0.0,-1.438002044263204,0.1484068820411768,8.590032349674889,6.643816303420071
6,2.24575146039327,2.437509059906006,3.380643844604492,3.8827948570251465,4.153366565704346,32,0.0125,0.3818408962753084,-0.9901555703847941,0.6080494299020439,4.310491025625047,2.560843602009153
6,1.30605951944987,1.880420923233032,2.6548783779144287,3.201009511947632,3.557368516921997,32,0.00625,0.900717039903005,-1.4905291853909546,0.4599923028443249,5.0330279644138995,2.1902234040536883
6,1.171650767326355,2.1508629322052,3.029433012008667,3.451279163360596,3.651480436325073,32,0.003125,0.8884649707211388,-1.1063388084486176,0.5191444431863034,5.1872486302866445,2.758456921222198
6,1.1627782980600994,2.704650640487671,3.4284799098968506,3.786267280578613,3.9690215587615967,32,0.0015625,0.8253097302383846,-0.7050129549212044,0.4126673378666568,5.418744830157089,3.2108940785141704
6,13.756810188293455,13.756808280944824,13.756808280944824,13.756759643554688,13.756683349609377,64,0.1,0.0,0.0,0.0003286947894355,0.0,0.0
6,13.756803512573242,13.753987312316896,13.747742652893066,13.746868133544922,13.747478485107422,64,0.05,0.3634306424193912,0.0,0.0033053703763951,0.0,0.0
6,2.502310395240784,2.9812378883361816,3.8131799697875977,4.278139591217041,4.565316677093506,64,0.025,0.3336802915566497,-1.0028986657295602,0.1482315579989764,5.64449136033642,3.030929796401931
6,2.0495243867238364,2.223114252090454,3.1504368782043457,3.68058705329895,3.9722514152526855,64,0.0125,0.4566340438193745,-1.231732909155751,0.4914578487963288,5.350787708459743,2.614233792877521
6,1.2964364687601726,1.9125142097473145,2.671121120452881,3.1851696968078613,3.507319211959839,64,0.00625,0.7874704036447737,-1.059817781480232,0.5221606710292453,5.3468493053830315,2.4191896811283833
6,1.1704285144805908,2.0633676052093506,2.946671962738037,3.38236665725708,3.5871739387512207,64,0.003125,0.8615807890892029,-0.6342751645785382,0.5486938260620781,5.467422199289253,3.0695946351110934
6,1.191106200218201,3.036531925201416,3.774980306625366,4.023682594299316,4.129062652587891,64,0.0015625,0.8594379954867892,-0.32624716308068136,0.4167678160467023,5.53225065167034,3.3717871350489195
6,13.756810188293455,13.756808280944824,13.7567777633667,13.756793975830078,13.756553649902344,128,0.1,0.0,0.0,0.0002267249153136,0.0,0.0
6,13.756810188293455,13.75625705718994,13.752520561218262,13.750772476196287,13.751457214355469,128,0.05,0.8633153438568115,0.0,5.472478697932525e-05,0.0,0.0
6,6.330972989400228,3.539491415023804,4.0235090255737305,4.380856513977051,4.622149467468262,128,0.025,0.451862714977728,-2.120616869765535,0.2099503454249808,5.391614485428163,2.9394075219458102
6,1.4156306385993958,2.213012218475342,3.0946807861328125,3.5735371112823486,3.819893598556519,128,0.0125,0.4619920813253949,-0.9534417056203006,0.5013176388525036,5.593520960836977,2.7739276377415036
6,1.339908281962077,2.095227003097534,2.8999462127685547,3.362844705581665,3.624671936035156,128,0.00625,0.7809753715991974,-0.44932402833673857,0.4850185031362004,5.33970140992701,2.962915930847666
6,1.2305817206700642,2.0867531299591064,2.9130754470825195,3.325236558914185,3.526679039001465,128,0.003125,0.8190105193191104,-0.18985233234214002,0.5304112100199586,5.453883020250817,3.1665773392373917
6,1.105781356493632,2.337108373641968,3.221323251724243,3.672065496444702,3.913522243499756,128,0.0015625,0.7345049844847785,-0.028720838387136412,0.4031778538106353,5.536678367805873,3.3254351320386903
6,13.756810188293455,13.756808280944824,13.756779670715332,13.75661563873291,13.756387710571287,256,0.1,0.0,0.0,5.472478697932525e-05,0.0,0.0
6,13.74083137512207,13.735239028930664,13.722622871398926,13.72398853302002,13.728608131408691,256,0.05,0.4869443741109636,0.0,0.0007938871830011,-8.615384311154975e-30,-2.088534677445166e-34
6,6.5838165283203125,3.918838024139404,4.316196441650391,4.493290424346924,4.593270301818848,256,0.025,0.197779803795533,0.0,5.472478697932525e-05,1.8317569056633056,-0.17396149274638734
6,2.143707553545634,2.052006244659424,2.8927481174468994,3.4400665760040283,3.7623701095581055,256,0.0125,0.4369378553496467,-0.4581797146411858,0.5745033379559585,5.4668908463705135,2.784818349937288
6,1.1470333735148113,2.082023859024048,2.807576894760132,3.183725595474243,3.3936450481414795,256,0.00625,0.850635803408093,-0.3961351989383919,0.4076763870276237,5.3048439911759875,3.1684679181417397
6,1.1740506092707317,2.058214902877808,2.837664842605591,3.2290515899658203,3.433415412902832,256,0.003125,0.899772971868515,-0.06205028498123692,0.4723289501933384,5.49392097569453,3.332488150940021
6,1.4506330490112305,2.460418462753296,3.071038246154785,3.332751750946045,3.462493658065796,256,0.0015625,0.810019185145696,-0.006635039326691234,0.3750303065164307,5.547540217321163,3.3852775322593245
6,13.756810188293455,13.756808280944824,13.756808280944824,13.756808280944824,13.756808280944824,512,0.1,0.0,0.0,0.0040083717587109,0.0,0.0
6,11.808265209197998,7.977216243743896,8.058916091918945,8.6029691696167,10.683156967163086,512,0.05,0.3846353221063812,-15.860052155748981,0.2082056129184108,-0.0002299313826708,-2.2651004959091856e-06
6,8.131706873575846,8.454926490783691,9.95448398590088,11.201252937316896,12.003433227539062,512,0.025,0.6992215712865194,-18.168270834527842,0.0041261912328184,-1.7112579648403323e-05,-1.752280004059988e-07
6,1.4068724314371746,2.2706573009490967,3.082930326461792,3.458700656890869,3.641340970993042,512,0.0125,0.7528154850006104,-0.2348380698880034,0.4296001188518867,5.217189006989465,2.837266225050501
6,1.319995681444804,2.0110280513763428,2.762486696243286,3.2112269401550293,3.4751644134521484,512,0.00625,0.7961500551965501,-0.960242071583051,0.3934259981320183,4.968280537728774,2.514139238437756
6,1.4012014071146648,1.9542618989944456,2.7659361362457275,3.219292640686035,3.4527335166931152,512,0.003125,0.7340627925263511,-0.5722677306394883,0.4521527692584497,5.142617134935912,2.684639388861124
6,1.4926106135050456,2.160804748535156,2.772862434387207,3.108722686767578,3.295036792755127,512,0.0015625,0.8268781006336212,-1.0746141053413316,0.3531261965232472,4.84058111090544,2.487196580996583
6,13.756810188293455,13.756808280944824,13.756808280944824,13.756783485412598,13.756669044494627,1024,0.1,0.0,0.0,0.0006395178006704,0.0,0.0
6,13.705867131551107,13.706853866577148,13.695701599121094,13.701600074768066,13.7105131149292,1024,0.05,0.6567092910408974,0.0,5.472478697932525e-05,-1.4572867373462288e-29,-1.1732622431704196e-32
6,8.180574099222818,8.138479232788086,8.60572624206543,9.508296966552734,10.437788009643556,1024,0.025,0.8454278823402193,-19.811441794136503,0.002645802350097,-2.229574899342545e-06,-2.031866526882216e-08
6,1.3767571449279783,1.9533848762512207,2.727573871612549,3.262737274169922,3.587121963500977,1024,0.0125,0.7161377535925971,0.2708667180975182,0.4424808855172417,5.502683612001336,2.9916377704159465
6,1.3725869258244832,2.2396278381347656,3.0962729454040527,3.4956960678100586,3.6814215183258057,1024,0.00625,0.6936353776190016,-0.4193384393935665,0.4333050263034183,4.972051666641076,2.5019943697818534
6,1.5098591248194375,2.017460346221924,2.7494776248931885,3.167354106903076,3.416499137878418,1024,0.003125,0.7329049822356966,-0.5399524329897856,0.3367314613621788,5.188455312087131,2.6078953326705796
6,1.803835391998291,2.5720362663269043,3.276167154312134,3.627054929733277,3.815727472305298,1024,0.0015625,0.8197439644071791,-0.4198498307286897,0.4346967093952453,4.857183074653154,2.475515781455037
7,13.743846893310549,13.756559371948242,13.756808280944824,13.756808280944824,13.756808280944824,16,0.1,0.0,0.0,0.175131481801403,-2.55108936221104e-29,-6.00239478362752e-32
7,13.71309757232666,13.702256202697754,13.69431495666504,13.702049255371094,13.713784217834473,16,0.05,0.316329022248586,0.0,0.0238746722351171,-5.786671519903262e-28,-6.1285124239713045e-31
7,2.9172755082448325,2.7706801891326904,3.773581981658936,4.359475612640381,4.715993881225586,16,0.025,0.2561792958941724,-1.102152354120881,0.1821820792769196,5.465070400194242,2.9970507364653085
7,1.7234386603037517,3.656379461288452,4.463367462158203,4.771682262420654,4.917149066925049,16,0.0125,0.4428119245502684,-1.0783990915587853,0.4695519855735786,-1942017.321940104,-12452.718424479166
7,1.3350872993469238,2.3846006393432617,3.327543973922729,3.795497417449951,4.013724327087402,16,0.00625,0.8367998898029327,-1.103010029538054,0.5599047633880377,6.284342209561984,3.3848005212476626
7,1.1943961381912231,2.140101909637451,3.077125310897827,3.6167263984680176,3.8862030506134033,16,0.003125,0.8483719163470799,-1.0628436355578463,0.5207147126413108,5.705006597267301,2.862804219196612
7,1.1723255316416423,3.101544141769409,3.9786863327026367,4.511623859405518,4.82230806350708,16,0.0015625,0.7705400586128235,-0.8219897571454547,0.4770941164769689,5.460283598966678,2.9804714784061255
7,13.756810188293455,13.756808280944824,13.756776809692385,13.756786346435549,13.756649017333984,32,0.1,0.0,0.0,0.0011399990803798,0.0,0.0
7,13.20206610361735,13.273462295532228,13.470970153808594,13.575969696044922,13.640420913696287,32,0.05,0.8546116343802875,-39.834393665348784,0.0603752217086847,-8.99098827901105e-19,-9.748230349205453e-22
7,4.822390238444011,3.1364121437072754,3.811276197433472,4.169619083404541,4.365436553955078,32,0.025,0.2341837031158825,-1.4591216461297076,0.0964091782019609,6.445010845447683,4.197194155591428
7,2.108998696009318,3.13812255859375,4.168839454650879,4.513346195220947,4.637295246124268,32,0.0125,0.2570101940331774,-1.5708746541901393,0.5669791930604532,5.840225014844799,3.0675553780211913
7,1.2493460178375244,2.5360164642333984,3.3720335960388184,3.726652145385742,3.875,32,0.00625,0.8562047845787473,-1.3233344329894452,0.4820655638015489,5.792982067604739,3.1042757383421735
7,1.2374838987986247,2.3160407543182373,3.039413928985596,3.375461339950561,3.537484884262085,32,0.003125,0.8043069375885857,-0.8195909217977253,0.4837286290203491,5.826815557037967,3.119075968085797
7,1.1954854726791382,3.121938943862915,3.830402851104736,4.058101177215576,4.173765659332275,32,0.0015625,0.850680712196562,-0.9361706050423262,0.4088998738638459,5.60397159938133,3.20794750979864
7,13.756810188293455,13.756789207458496,13.756773948669434,13.7566499710083,13.756221771240234,64,0.1,0.0,0.0,0.0002661074603462,0.0,0.0
7,13.751276334126793,13.75092887878418,13.747097969055176,13.750142097473145,13.753012657165527,64,0.05,0.521435323688719,0.0,0.0031367188752599,-1.25560842955052e-31,-6.893189297703918e-35
7,4.547825336456299,3.785976409912109,4.357841968536377,4.617683410644531,4.772838592529297,64,0.025,0.0430227876123454,-1.3804860459533304,0.2466338400665086,6.665292589545684,4.130846059799648
7,1.43086842695872,2.1612370014190674,2.9490950107574463,3.4294326305389404,3.724050760269165,64,0.0125,0.6604237887594435,-1.1196798979473281,0.3999891944216043,6.022998618947985,3.136864095251914
7,1.2200250625610352,2.5389163494110107,3.3796863555908203,3.670099020004273,3.77201247215271,64,0.00625,0.437282093948792,-0.8036280810021046,0.4379836504427168,5.5161352774345564,2.9284181598531167
7,1.1912279923756917,2.421588897705078,3.149855375289917,3.477235555648804,3.650794744491577,64,0.003125,0.693323587377866,-0.599620682270396,0.4223157540632447,5.8265200249024724,3.456996114295864
7,1.132470726966858,2.588110446929932,3.655309438705444,4.1713643074035645,4.459015846252441,64,0.0015625,0.8124120467238957,-0.5571153812960143,0.4547304602720826,5.54059516419943,3.180777783348566
7,13.756810188293455,13.756808280944824,13.75672435760498,13.756509780883787,13.756382942199709,128,0.1,0.0,0.0,5.472478697932525e-05,0.0,0.0
7,13.645970662434896,13.59000015258789,13.6097993850708,13.64097785949707,13.666648864746094,128,0.05,0.304075431473191,0.0,0.0001451415702693,-7.555380538161924e-26,-9.10046124895494e-29
7,4.249188741048177,4.338297367095947,4.8472161293029785,5.081660270690918,5.164381504058838,128,0.025,0.3017415458129512,-1.657457055999913,0.060267099556145,5.275341368292176,2.870617869283745
7,1.434932788213094,3.937909364700317,4.923223495483398,5.226393699645996,5.353635787963867,128,0.0125,0.6271967440843582,-0.9730992564233291,0.6065348712146382,5.6968648750457485,2.995140646968126
7,1.249456564585368,2.3052566051483154,3.0721230506896973,3.396192789077759,3.546841144561768,128,0.00625,0.7631341053379906,-0.41464935835372746,0.4631670620906369,5.801263148220468,3.3104329147005855
7,1.1962205568949382,2.5463125705718994,3.394822597503662,3.7250237464904794,3.869566202163696,128,0.003125,0.7615424924426608,-0.26956728636947924,0.4271052578685144,5.579964866908211,3.329637896946175
7,1.2088747024536133,3.0386805534362797,3.5392508506774902,3.681676626205444,3.727861404418945,128,0.0015625,0.809508247507943,-0.30518057564556533,0.4227498938182935,5.938844421917514,3.640019160477897
7,13.756810188293455,13.756808280944824,13.75648021697998,13.756118774414062,13.75568962097168,256,0.1,0.0,0.0,5.472478697932525e-05,0.0,0.0
7,13.719202359517416,13.713584899902344,13.698250770568848,13.702629089355469,13.70771026611328,256,0.05,0.7270542805393537,0.0,0.0016262805425761,-2.133009355548845e-27,-1.957900130691936e-30
7,4.829101085662842,3.473619222640991,4.124448776245117,4.460033893585205,4.71225643157959,256,0.025,0.2613971811305318,-0.6962800156007924,0.0757486881429776,5.854139697596493,3.4785147872691042
7,1.5824097792307537,2.57090425491333,3.4778285026550293,3.8262343406677246,3.969644546508789,256,0.0125,0.6389943932493528,-0.6450680089932701,0.524611863038252,5.839652501623318,3.1055387007639297
7,1.2873783111572266,2.593360424041748,3.3618242740631104,3.641733407974243,3.7510013580322266,256,0.00625,0.6767725944519043,0.021425945757265148,0.4783494870741204,5.700934124565374,3.353538793600864
7,1.3556965589523315,2.415989875793457,3.2570431232452397,3.613894462585449,3.7642781734466553,256,0.003125,0.7487604584958818,-0.21035696822885458,0.3868950671474467,5.945202377246588,3.6079621212733786
7,1.226340373357137,2.554009199142456,3.28569769859314,3.622447013854981,3.793246746063232,256,0.0015625,0.7654337949222989,-0.27384426812249996,0.3689144418531642,5.519994587424741,3.2168327492292073
7,13.756810188293455,13.756808280944824,13.756675720214844,13.756370544433594,13.755789756774902,512,0.1,0.0,0.0,5.472478697932525e-05,0.0,0.0
7,13.756810188293455,13.756175994873049,13.753080368041992,13.751126289367676,13.75052547454834,512,0.05,0.2909806701872084,0.0,5.472478697932525e-05,0.0,0.0
7,7.869976043701172,8.253215789794922,9.6465482711792,10.88262176513672,11.713627815246582,512,0.025,0.792467517985238,-22.055247458213582,0.0089891859488311,-1.1637024896503785e-07,-1.203879181529051e-09
7,1.2676244179407756,2.512547254562378,3.369651556015014,3.7129886150360103,3.8637266159057617,512,0.0125,0.8805211981137594,-0.12062579080035016,0.4543155334346312,5.721492775545066,3.2722451510616777
7,1.3412484327952068,2.3486523628234863,3.037552118301392,3.325951337814331,3.46671462059021,512,0.00625,0.7672251297367944,0.23748271145941446,0.4383973801070288,5.9260026495410365,3.6427408964691654
7,1.4168161153793335,2.215911865234375,3.0502376556396484,3.523300170898437,3.823812484741211,512,0.003125,0.7374040649996864,0.06601427717637644,0.4510743283500185,5.714882060342483,3.312340356516721
7,1.229868491490682,2.1699140071868896,2.9007811546325684,3.261577844619751,3.444716215133667,512,0.0015625,0.8677167163954841,-0.9812519145839316,0.3305672912733362,5.325390110550547,2.6979159916485327
7,13.756810188293455,13.756808280944824,13.756779670715332,13.75672435760498,13.756579399108888,1024,0.1,0.0,0.0,0.000394693233846,0.0,0.0
7,13.749136288960775,13.747078895568848,13.73840618133545,13.73919677734375,13.74127197265625,1024,0.05,0.4765714373853472,0.0,0.002955701636472,-1.978349901490001e-34,-6.453588993047764e-39
7,9.237993558247885,8.147790908813477,8.638067245483398,9.606786727905272,10.571067810058594,1024,0.025,0.8505855119890637,-20.61400698337452,0.054887314031674,-8.574288106629897e-07,-8.179927254066873e-09
7,1.3587580919265747,2.107635021209717,3.0522990226745605,3.629549980163574,3.960297107696533,1024,0.0125,0.7020519144005245,-0.4081145063782922,0.4980738592261832,5.857675260006761,3.1620147113038017
7,1.3816523949305215,2.31242036819458,3.115943193435669,3.458442687988281,3.610009670257568,1024,0.00625,0.7594462931156158,-0.12077958705929018,0.4219712288843012,5.555668550952572,3.17737497245857
7,1.230373462041219,2.143683433532715,2.9548189640045166,3.353339433670044,3.5629398822784424,1024,0.003125,0.7452658745977614,-0.1935340287161807,0.3615199971176409,5.386090037275528,2.98619732270421
7,1.6159816980361938,2.2568695545196533,3.059297800064087,3.4576549530029297,3.6644341945648193,1024,0.0015625,0.7420028646787007,-1.3455841324839983,0.3401134723494278,5.258562022333722,2.827886802275433
8,13.756807327270508,13.756674766540527,13.75381088256836,13.751073837280272,13.749539375305176,16,0.1,0.0,0.0,5.472478697932525e-05,0.0,0.0
8,13.756807327270508,13.756181716918944,13.753226280212402,13.75270652770996,13.751667022705078,16,0.05,0.7602558141160343,0.0,5.472478697932525e-05,0.0,0.0
8,2.611660639444987,3.220329761505127,3.931596994400024,4.214970111846924,4.363291263580322,16,0.025,0.2626712856193383,-1.6652309368664677,0.1662644968494961,5.473966901297828,2.8704251665114873
8,1.7329975763956706,2.1295502185821533,2.824536085128784,3.358901023864746,3.732540845870972,16,0.0125,0.5520591909686724,-1.2459712788619943,0.4337399821042659,5.506132669669206,2.909958674105845
8,1.321739991505941,2.426366806030273,3.458230495452881,3.976549386978149,4.2201995849609375,16,0.00625,0.6472916271951463,-1.2925926296890267,0.4909585229667453,6.547706586903542,3.7238421081142294
8,1.1893568833669026,3.2422280311584477,4.10010290145874,4.380490303039551,4.509360313415527,16,0.003125,0.7417317794428931,-0.9064561341673476,0.5394909430452154,6.581926862953369,3.710982715339133
8,1.1348771651585896,2.9914324283599854,3.7772698402404794,4.147805690765381,4.3431830406188965,16,0.0015625,0.797990600268046,-0.7605352450775785,0.3821401348178183,5.6991043146162355,2.9720383192052933
8,13.756810188293455,13.756808280944824,13.756808280944824,13.75675106048584,13.756658554077148,32,0.1,0.0,0.0,5.472478697932525e-05,0.0,0.0
8,9.946719964345297,5.372662544250488,5.638442516326904,5.7128071784973145,5.744549751281738,32,0.05,0.3594256992348366,-1.2709361387835085,0.2800784572133047,7.419929226526201,5.003617819134572
8,4.978298664093018,3.3189191818237305,4.141218662261963,4.643168449401856,4.950419902801514,32,0.025,0.08755697723892,-1.419081008738394,0.1197031607809097,7.022542581280056,4.558291541959656
8,1.5876023769378662,3.705853223800659,4.407259464263916,4.585970878601074,4.644030570983887,32,0.0125,0.4711621610654725,-1.3450873609233562,0.4900555706114576,6.343032203379857,3.6367893089430328
8,1.4121618668238325,3.4067325592041016,4.08758020401001,4.25372838973999,4.301102638244629,32,0.00625,0.6683910058604347,-1.202119366318224,0.4631695930165361,6.367390635844965,3.556674414648794
8,1.1365737517674763,2.868962049484253,3.4841785430908203,3.672164678573608,3.748055934906006,32,0.003125,0.797652930021286,-1.3262864985227,0.4167037119081535,6.049232699602517,3.3546747771311995
8,1.12701682249705,3.3711087703704834,3.815893888473511,3.9667227268218994,4.057701587677002,32,0.0015625,0.7775591909885406,-0.977979347563359,0.4224730941981972,6.165249594443376,3.6032034028350113
8,13.756810188293455,13.756808280944824,13.756808280944824,13.756757736206056,13.7567720413208,64,0.1,0.0,0.0,0.0695781343880797,0.0,0.0
8,13.639315923055014,13.571616172790527,13.601289749145508,13.633415222167969,13.663357734680176,64,0.05,0.7446330636739731,0.0,5.472478697932525e-05,-3.266656402998155e-23,-9.79236024414845e-27
8,3.078151067097982,4.79231071472168,5.328858375549316,5.56074857711792,5.68814754486084,64,0.025,0.0646874643862247,-1.04765273111571,0.1804950345105324,6.629878416810395,4.1657237209365094
8,1.4815006653467817,2.0533699989318848,2.774235963821411,3.2379043102264404,3.523736953735352,64,0.0125,0.606429957681232,-1.022920404964648,0.3813166109703248,4.731387525895419,2.221320178726253
8,1.2244131962458291,3.248300790786743,3.751281261444092,3.894881010055542,3.964538812637329,64,0.00625,0.6394904123412238,-0.8534909140455424,0.4830619930639526,6.757302454042891,3.926158925887639
8,1.1848726272583008,2.801989316940308,3.4958224296569824,3.756530523300171,3.888030529022217,64,0.003125,0.7080261243714226,-0.40245748006095167,0.4872052768874402,6.437238942424939,3.851666343491824
8,1.127974510192871,3.1045830249786377,3.8021607398986816,4.06099271774292,4.16457986831665,64,0.0015625,0.7902122471067641,-0.5671674292389711,0.3710899147214989,5.74269557609398,3.396854117701999
8,13.756810188293455,13.756808280944824,13.756808280944824,13.756780624389648,13.75674057006836,128,0.1,0.0,0.0,0.000986099193071,0.0,0.0
8,13.407410303751629,13.145453453063965,13.348739624023438,13.476350784301758,13.548240661621094,128,0.05,0.8573545871509446,-37.222220491028736,0.0007152614364555,-3.263631235805994e-17,-2.717028303682335e-21
8,5.113621314366658,4.30296802520752,4.37817907333374,4.427096366882324,4.485145092010498,128,0.025,0.0511799508498774,-0.055958755825459956,0.0854980497535793,7.804071310237822,5.795687842953171
8,1.4394856691360474,2.747295618057251,3.551058769226074,3.852687358856201,3.9723269939422607,128,0.0125,0.5362810583578216,-0.6207478157984729,0.4495158119416801,6.247381261219176,3.5043844931527217
8,1.2221719026565552,3.247587919235229,3.699506282806397,3.830969095230103,3.891972780227661,128,0.00625,0.6584345979823006,-0.5550156143478961,0.4599681551040497,6.366371734922224,3.7986726036100116
8,1.2523487408955891,3.346852302551269,3.8356776237487793,3.935012817382813,3.977668046951294,128,0.003125,0.7432871758937836,-0.41010100976937564,0.4992353440713698,6.1686850485148526,3.801629422057146
8,1.1387359301249187,2.938589811325073,3.3534865379333496,3.502509832382202,3.5708374977111816,128,0.0015625,0.7656993567943573,-0.4587901882443296,0.4147517774100226,5.960227365805919,3.638152384966684
8,13.756810188293455,13.756808280944824,13.756808280944824,13.756786346435549,13.756768226623535,256,0.1,0.0,0.0,5.472478697932525e-05,0.0,0.0
8,13.73690128326416,13.728543281555176,13.71396255493164,13.713472366333008,13.71840476989746,256,0.05,0.3075132999155256,0.0,5.472478697932525e-05,-6.568491486050608e-28,-2.4195572854684354e-31
8,5.057904163996379,4.1317243576049805,4.5126142501831055,4.688523769378662,4.789214134216309,256,0.025,0.0557241913376553,0.7051363698774182,0.0549762366900027,8.609652897279469,6.639262917826946
8,1.2939093112945557,2.9121556282043457,3.842736005783081,4.213347911834717,4.38693904876709,256,0.0125,0.4918464654021793,-0.032631656669834044,0.4461791496835109,6.290582036215051,3.649434829788135
8,1.245921770731608,2.705209493637085,3.3250794410705566,3.575411796569824,3.689250469207764,256,0.00625,0.7361530462900797,-0.6788084062964911,0.4242848924340646,5.975979084766917,3.4700802783516367
8,1.226942737897237,2.7948672771453857,3.507911205291748,3.805401802062988,3.955279111862183,256,0.003125,0.7649881674183739,0.0940882706778483,0.4087262660344525,6.4775927772615445,3.9632969126604376
8,1.2876205444335938,2.71565318107605,3.3823485374450684,3.686541795730591,3.8365302085876474,256,0.0015625,0.7634944319725037,-1.4667118688097953,0.3724685362601775,5.6680360034014425,3.0296582513515244
8,13.756810188293455,13.756808280944824,13.756808280944824,13.756808280944824,13.756776809692385,512,0.1,0.0,0.0,0.0001333814430003,0.0,0.0
8,13.378607749938965,13.33462905883789,13.451555252075195,13.530645370483398,13.58094310760498,512,0.05,0.839269306924608,-38.05389221206873,5.472478697932525e-05,-8.924559162314247e-18,-1.4042740207852516e-21
8,7.417604764302571,6.502586841583252,7.381387233734131,8.837778091430664,10.174637794494627,512,0.025,0.8144410484366946,-19.405912999819957,0.0103587848937107,-2.9158502169110887e-06,-2.5479865920866967e-08
8,1.3541473150253296,3.264610290527344,3.850430011749268,4.010324954986572,4.056069850921631,512,0.0125,0.5117278214957979,-0.7814614752132307,0.4889392118990734,6.089810760273096,3.3086710893521287
8,1.3254512548446655,2.723587989807129,3.512760162353516,3.7743542194366455,3.872215986251831,512,0.00625,0.7949068347613016,-0.6335923600968358,0.3928165651187987,5.835566247862783,3.363924981355205
8,1.443173925081889,2.421017646789551,3.125507354736328,3.4427058696746826,3.599707126617432,512,0.003125,0.6887444390190972,-0.9396120165346294,0.3694055080667264,5.653629994764479,3.0937736468975356
8,1.3876736958821614,2.481236457824707,3.1055171489715576,3.368126630783081,3.496468067169189,512,0.0015625,0.8225759532716539,-1.3384644430035548,0.3816365963621491,5.785214508607289,3.3223402939073305
8,13.756810188293455,13.756765365600586,13.755900382995604,13.75430965423584,13.75300121307373,1024,0.1,0.0555554926395416,0.0,0.0005839655724334,0.0,0.0
8,13.75128936767578,13.750065803527832,13.739126205444336,13.736458778381348,13.7374906539917,1024,0.05,0.8242627912097507,0.0,0.0079418713527441,-5.556655129000419e-31,-1.2081369526809299e-34
8,7.79166825612386,7.90354061126709,8.942764282226562,10.240803718566896,11.240018844604492,1024,0.025,0.7360196949707137,-18.43488080192043,0.0058691396510495,-1.0263951005423657e-05,-9.904095795339649e-08
8,1.3631781737009685,3.092334747314453,3.830309152603149,4.005024433135986,4.04518985748291,1024,0.0125,0.5853263868225945,0.5211932172898691,0.535822021397948,6.340880233001105,3.831258061151835
8,1.3356948693593342,2.3383803367614746,3.040860891342163,3.348988771438598,3.493560552597046,1024,0.00625,0.8244958817958832,-0.8901543783243542,0.3308343318164367,5.668750069735845,3.0645049151553243
8,1.721743901570638,2.261059045791626,3.0518643856048584,3.5038182735443115,3.7558867931365967,1024,0.003125,0.7204757001664903,-1.2332819600502647,0.294333650689475,5.643581331562457,3.0999785240371094
8,1.4007587035497029,2.6401560306549072,3.4245879650115967,3.818135499954224,4.037005424499512,1024,0.0015625,0.7980030477046967,-1.5228284424161684,0.2835105098754545,5.85547411085394,3.332929654876322
9,13.756807327270508,13.756808280944824,13.756808280944824,13.756808280944824,13.756789207458496,16,0.1,0.0,0.0,0.0018105261850171,0.0,0.0
9,8.579968214035034,3.982759475708008,4.0239081382751465,4.051665306091309,4.0701422691345215,16,0.05,0.3467937709970606,-0.9765191738702917,0.2370149911381816,8.72236550634356,6.547549184852478
9,3.30351456006368,2.9799883365631104,3.706514358520508,4.087789535522461,4.288427829742432,16,0.025,0.4301774907443259,-0.8668063013052545,0.1233386807105905,6.076086283498136,3.962223460696653
9,1.6431076526641846,2.1386187076568604,3.067335367202759,3.7049641609191895,4.076648235321045,16,0.0125,0.5806546906630198,-1.4095778219537825,0.4581147420749775,5.676375576817562,2.99250090466691
9,1.2699809869130452,4.745951175689697,4.930173873901367,4.943191051483154,4.941804885864258,16,0.00625,0.6572150356239743,-0.7660468556843754,0.5701306558061671,7.224704768357114,4.503250741195933
9,1.1805824836095171,2.587085962295532,3.460630416870117,3.7925212383270255,3.910054445266724,16,0.003125,0.8033211198117998,-0.9460405638643347,0.5282902080788136,6.430271083104127,3.6864048129182296
9,1.1662050088246665,3.835498094558716,4.5971221923828125,4.848863124847412,4.950256824493408,16,0.0015625,0.7554428478082021,-1.0260882135893061,0.4565932016817511,6.187363580170795,3.4159486425179586
9,13.756810188293455,13.756808280944824,13.756754875183104,13.756590843200684,13.75654411315918,32,0.1,0.0,0.0,5.472478697932525e-05,0.0,0.0
9,13.258840560913086,12.94184684753418,13.199102401733398,13.349674224853516,13.454514503479004,32,0.05,0.6149630952212546,-42.536107011014096,5.472478697932525e-05,-5.911070085072537e-20,-3.431900937490246e-23
9,5.838493824005127,4.482112884521484,5.398704528808594,5.781398296356201,5.958101749420166,32,0.025,0.0379945724005621,-0.04666824354189426,0.1833204330131998,-126902987.27083331,-1366007.625
9,1.454197923342387,1.9854357242584229,2.736297607421875,3.2867202758789062,3.670407056808472,32,0.0125,0.5649858696593179,-1.3855716955796413,0.4605921900089864,5.3075652666289805,2.7537956802307004
9,1.2751853863398237,2.7668957710266118,3.5255608558654785,3.849399328231812,4.00248908996582,32,0.00625,0.5871118290556802,-1.532005241157386,0.4997355995869693,6.125081985892719,3.3991009214746497
9,1.180003643035889,3.359681844711304,3.6846675872802734,3.744914770126343,3.76181435585022,32,0.003125,0.7542589803536733,-1.0069077875863064,0.4973301245341903,6.421317551479523,3.714821873972023
9,1.1141450802485149,3.2730844020843506,3.8139145374298096,4.026873588562012,4.139192581176758,32,0.0015625,0.7633011125855975,-1.0271326163766599,0.4118837519907508,6.486239991744989,3.7490079164876446
9,13.756810188293455,13.756808280944824,13.756749153137209,13.756492614746094,13.756454467773438,64,0.1,0.0,0.0,0.0445312881861894,0.0,0.0
9,13.750262260437012,13.74769115447998,13.736726760864258,13.732796669006348,13.73491668701172,64,0.05,0.5472446829080582,0.0,0.0015489477462735,-3.939062856592552e-32,-4.7092182973442943e-36
9,2.4332969586054483,4.999899387359619,5.125391483306885,5.149247646331787,5.146804332733154,64,0.025,0.3060586377978325,-1.0820310352498195,0.3979663518603977,6.254726624581882,3.756792140184991
9,1.3830795288085938,3.48620867729187,4.041330337524414,4.196183204650879,4.246579170227051,64,0.0125,0.5870845698648028,-1.2600678702140182,0.4456381250117276,7.097184548171004,4.21802004672829
9,1.3236615657806396,3.207119941711426,3.652962923049927,3.7719995975494394,3.819984436035156,64,0.00625,0.7024035503466924,-1.2775854186584557,0.4147904336163,6.52342679908787,3.766051569140626
9,1.2847765286763508,3.845043659210205,4.161289691925049,4.244753837585449,4.2842278480529785,64,0.003125,0.6638928519354926,-0.5446449076215505,0.4469764965584646,6.5628017680501145,4.0026536405826985
9,1.1438584327697754,2.637683629989624,3.212292194366455,3.4676501750946045,3.6105799674987793,64,0.0015625,0.747796916299396,-1.2502663118432256,0.4199676227676597,6.031573187527083,3.403171332461442
9,13.756810188293455,13.756808280944824,13.756773948669434,13.756671905517578,13.756468772888184,128,0.1,0.2216214225627482,0.0,5.472478697932525e-05,0.0,0.0
9,13.749924341837565,13.747876167297363,13.738452911376951,13.736766815185549,13.738958358764648,128,0.05,0.5916611581212945,0.0,0.0024674155661305,-1.6243021641590722e-34,-3.534736102534391e-37
9,3.0216546853383384,3.509140014648437,4.036520481109619,4.272576808929443,4.400291919708252,128,0.025,0.1980507372366015,-0.8117444207066435,0.145354402727601,6.182748703140057,3.575320802518356
9,1.4668514331181843,3.4414565563201904,3.875319480895996,3.985422372817993,4.023285388946533,128,0.0125,0.6791373358832465,-0.9924044906630098,0.5338236170953565,6.991703344378347,4.2197410303018
9,1.2251257101694744,3.0640358924865723,3.655820846557617,3.8427364826202393,3.925664186477661,128,0.00625,0.6622193505366643,-0.8618496632684315,0.4232047374927413,6.125728450563005,3.5250032374882987
9,1.1553938786188762,3.11384654045105,3.533337354660034,3.6494102478027344,3.688729286193848,128,0.003125,0.7154643800523546,-0.6757782266729215,0.3979972799388677,6.526936944494934,3.8230787278754574
9,1.145585020383199,3.0256736278533936,3.987118721008301,4.553526401519775,4.92673921585083,128,0.0015625,0.7748826046784719,-0.965741974448496,0.3985012066790965,6.366245225199483,3.694147369696966
9,13.756810188293455,13.756227493286133,13.754347801208496,13.754108428955078,13.754681587219238,256,0.1,0.1068071590529547,0.0,0.0048975610640608,0.0,0.0
9,13.683523178100586,13.64243507385254,13.63852596282959,13.658716201782228,13.675061225891112,256,0.05,0.3798921207586924,0.0,0.0250763258064309,-3.487908289289091e-25,-6.686989938159261e-29
9,8.444389820098877,8.004022598266602,8.136297225952148,8.601879119873047,9.341306686401367,256,0.025,0.7357115182611678,-12.245138613025334,0.0454573028738378,-0.0083812839004172,-7.492501754313707e-05
9,1.2515161434809368,3.814085721969605,4.203797340393066,4.280862331390381,4.303454399108887,256,0.0125,0.596773254374663,-0.6453592615255364,0.5053680080059049,6.670298932139907,3.909158787573564
9,1.3609352111816406,2.7834813594818115,3.401796817779541,3.6331191062927246,3.739457368850708,256,0.00625,0.5330769833591249,-0.3572324301606683,0.3737955821199322,6.607756602906746,3.900704973863997
9,1.291239619255066,3.043733596801758,3.5178756713867188,3.629672288894653,3.664156436920166,256,0.003125,0.7534916665818956,-0.5089369512572597,0.4154151346237846,6.34544818820317,3.7708996441723874
9,1.1817245483398438,3.45865797996521,3.8694710731506343,4.0048828125,4.065674781799316,256,0.0015625,0.74794073899587,-0.9704882257769121,0.3851547097223528,6.053966859324817,3.536583983284705
9,11.82949940363566,7.979475498199463,8.485711097717285,9.910877227783203,11.244406700134276,512,0.1,0.0,-12.711601458258496,0.0457071470260505,-0.0013348224094992,-1.1975300973669317e-05
9,13.199803670247396,12.783549308776855,13.111313819885254,13.298853874206545,13.416898727416992,512,0.05,0.5887796348995633,-36.94568155368496,5.472478697932525e-05,-7.351804488301721e-17,-1.2280452735482138e-20
9,8.141069730122885,8.070175170898438,8.517532348632812,9.437586784362791,10.396206855773926,512,0.025,0.8719587326049805,-16.741183745346454,0.0026141924768602,-6.434511741868858e-05,-6.476804325454092e-07
9,1.3407781918843586,3.1390881538391118,3.775163412094116,3.9467265605926514,4.009394645690918,512,0.0125,0.5256151176161237,-0.7859609775794447,0.3569546990805503,6.255418205245756,3.657048612936155
9,1.256491740544637,3.1405177116394043,3.5819308757781982,3.7154288291931152,3.773730993270874,512,0.00625,0.6052418814765083,-0.5555988539136629,0.4100822166106536,6.478561619128239,3.850459101422709
9,1.2058113813400269,2.936156272888184,3.890291690826416,4.239758491516113,4.382172584533691,512,0.003125,0.737137602435218,-0.694184334229668,0.3722821840517153,6.0008517860365576,3.36475834728104
9,1.4557750622431438,2.536742210388184,3.2171127796173096,3.5174834728240967,3.673093557357788,512,0.0015625,0.7908422417110866,-1.3382343892372068,0.3644305491699791,6.33166083635073,3.7784527567616073
9,13.756810188293455,13.756808280944824,13.756808280944824,13.756808280944824,13.756808280944824,1024,0.1,0.0,0.0,0.0052596697659428,0.0,0.0
9,13.721142133076986,13.69019889831543,13.672877311706545,13.68406867980957,13.69802951812744,1024,0.05,0.2476743890179528,0.0,0.0055026068493399,-4.9374449272899345e-29,-5.975278528156386e-34
9,7.675706545511882,8.25253963470459,9.962580680847168,11.277694702148438,12.091063499450684,1024,0.025,0.5816837118731605,-22.113812823003148,0.0786564486414679,-1.7536905193093298e-07,-1.6446639235686194e-09
9,1.3921682834625244,3.953743696212769,4.196383953094482,4.213851451873779,4.204164981842041,1024,0.0125,0.598784046040641,-0.5650940099257391,0.353326723242282,6.5468526942676535,3.892990293454065
9,1.238191286722819,2.830816984176636,3.504106283187866,3.7854490280151367,3.920677661895752,1024,0.00625,0.7988796697722541,-0.7944885435792001,0.4018225111413894,5.953605709336951,3.407688140209982
9,1.4096417427062988,2.2942588329315186,3.0190818309783936,3.417961835861206,3.6487977504730233,1024,0.003125,0.5750169687800937,-0.817758272281349,0.3683131199768085,6.197892530823111,3.667642334739232
9,1.3868520657221477,3.2760024070739746,4.403254508972168,4.98686408996582,5.318511009216309,1024,0.0015625,0.777916431427002,-1.268029561843298,0.2523765127842651,5.997664673611281,3.5525051028982704
10,13.756807327270508,13.756808280944824,13.756808280944824,13.756808280944824,13.756808280944824,16,0.1,0.0,0.0,0.1269559761968316,0.0,0.0
10,12.651052792867024,11.803064346313477,12.729637145996094,13.170015335083008,13.394522666931152,16,0.05,0.4625334739685058,-29.452889744170946,0.0447952081226118,-2.84311839558167e-13,-1.184512110785653e-16
10,8.442576805750528,4.771299839019775,4.907915592193604,4.961508750915527,4.99313497543335,16,0.025,0.0566534894622034,-1.6577701887479726,0.1716117557113004,7.097769544711611,4.635514081809353
10,1.6641966899236045,4.4793243408203125,4.930587291717529,4.993562698364258,4.992308616638184,16,0.0125,0.508435845375061,-1.5006981809804563,0.5269056378799826,6.941233057992309,4.3683766634292125
10,1.3696881135304768,1.93081796169281,2.5784335136413574,3.0006754398345947,3.2852649688720703,16,0.00625,0.6216790891355939,-0.8641932361614763,0.5062300660781442,6.3416956664159745,3.8634635701463957
10,1.2413100401560466,4.027102470397949,4.451152324676514,4.561412811279297,4.603122711181641,16,0.003125,0.5395744972758822,-1.0680891025949946,0.5532153022914778,6.505531126953849,3.837413496373508
10,1.1329199870427449,3.4410791397094727,4.055009365081787,4.263326644897461,4.377354145050049,16,0.0015625,0.7881626685460409,-1.182214035791925,0.4062805986247257,6.489037647992809,3.7260560162346827
10,13.756810188293455,13.756808280944824,13.756808280944824,13.756791114807127,13.7567720413208,32,0.1,0.1851878579501328,0.0,0.0040902039823314,0.0,0.0
10,13.75130844116211,13.755057334899902,13.752060890197754,13.751477241516112,13.752069473266602,32,0.05,0.9020646280712552,0.0,0.0190464277280891,-3.114252598527635e-31,-2.8539094620715547e-35
10,3.911896546681722,3.761651277542114,3.927839756011963,3.9985954761505127,4.044031143188477,32,0.025,0.1619098664119115,0.0,5.472478697932525e-05,0.09990681223570558,-0.20112388268535156
10,1.46183443069458,2.0481743812561035,2.800398826599121,3.285823106765747,3.5973777770996094,32,0.0125,0.607994889219602,-1.1693267259047855,0.459992624771065,5.129200160643383,3.2279107852692417
10,1.304677963256836,2.181924104690552,2.939959764480591,3.320298433303833,3.516042947769165,32,0.00625,0.7089612119727664,-1.4193309801159755,0.4258044563385345,6.897485795975214,4.196657347764785
10,1.1046432256698608,3.29551362991333,3.608165740966797,3.6277377605438232,3.6250133514404297,32,0.003125,0.6526768290334277,-1.2918335638792335,0.476849156084753,6.575056635819547,3.9232682477149914
10,1.1627522706985474,3.765680074691773,4.179449081420898,4.356891632080078,4.434561729431152,32,0.0015625,0.7250302996900346,-1.07950627202981,0.4284759443094292,6.683674995390723,3.9645377874048457
10,13.756810188293455,13.756808280944824,13.756808280944824,13.75678825378418,13.75669765472412,64,0.1,0.0,0.0,0.0007430323284233,0.0,0.0
10,13.404490152994793,13.18623161315918,13.375572204589844,13.48892593383789,13.563475608825684,64,0.05,0.7884531865517298,-39.659177281987766,0.0185240667948429,-9.89817232753327e-19,-5.276992907558519e-22
10,2.466882308324178,5.339843273162842,5.403213024139404,5.357526779174805,5.31149435043335,64,0.025,0.3914659611052937,-0.9661841651656145,0.2379745906425421,6.9433059933376615,4.427259833984871
10,1.3373315731684368,2.1838903427124023,3.0579826831817627,3.590005397796631,3.9179847240448,64,0.0125,0.6118463592396842,-1.2674133838716541,0.3935274370014344,5.419529079945236,2.751800499251486
10,1.205156644185384,2.940593242645264,3.594589948654175,3.842989921569824,3.959787845611572,64,0.00625,0.5782004512018627,-1.375695148142303,0.5029325063255601,6.3458850136092275,3.6917973995813567
10,1.140220085779826,3.378600835800171,3.77417254447937,3.893622398376465,3.945914268493652,64,0.003125,0.5897637655337652,-0.7986647738825877,0.4692828487819943,6.881291011290275,4.270978486658972
10,1.126236081123352,3.3096210956573486,3.827469348907471,4.041419506072998,4.1812744140625,64,0.0015625,0.7338946561018626,-0.9824619823164388,0.4022229063569536,6.752198323411828,4.108992353325459
10,13.756810188293455,13.756808280944824,13.756793975830078,13.756808280944824,13.7567777633667,128,0.1,0.0,0.0,0.1012566462348459,0.0,0.0
10,13.740691502888998,13.748005867004396,13.73880386352539,13.73619556427002,13.73851203918457,128,0.05,0.3201476037919762,0.0,0.0012226254747166,-3.0690379264768355e-31,-1.3530515384745142e-34
10,4.5185268719991045,3.905149459838867,4.371853828430176,4.530035495758057,4.61018180847168,128,0.025,0.0495726880100038,-0.686125674968552,0.0790131271597944,7.737107459489438,5.150301413657123
10,1.3462660710016887,3.910734176635742,4.16672420501709,4.209557056427002,4.219379425048828,128,0.0125,0.5510143025053872,-0.6497851948307898,0.4120938627341044,7.269626495457565,4.425898842983791
10,1.3046429951985676,3.653677701950073,3.85262131690979,3.893642902374268,3.90547251701355,128,0.00625,0.5925597631269031,-0.7002025204535947,0.4283752011344112,7.041029437037734,4.322020035824433
10,1.1845239003499348,3.549184799194336,3.931139945983887,4.023068428039551,4.057956695556641,128,0.003125,0.675846184293429,-0.6681160334727234,0.4204518739827444,6.750456505903364,4.095548408989794
10,1.1375094652175903,3.099503755569458,3.817294597625733,4.16593074798584,4.372959613800049,128,0.0015625,0.6147416896290249,-0.6138300635555781,0.386296556400348,6.745105628224956,4.1441805441203305
10,12.073185920715332,13.095281600952148,13.723071098327637,13.752973556518556,13.755922317504885,256,0.1,0.0,-34.1613881995695,0.1697054518912284,-2.9782424449729494e-14,-2.87485019230368e-18
10,13.570504506429035,13.556050300598145,13.592525482177734,13.623958587646484,13.651449203491213,256,0.05,0.5560198831889365,-42.89962945488244,0.0355899530903751,-1.0535146926444534e-19,-3.6154065106806184e-23
10,7.432559013366699,6.568802356719971,6.568802356719971,6.568802356719971,6.568802356719971,256,0.025,0.1869494580701491,-41.024246610963715,0.4112773940723013,-0.4349795957736428,-0.7360103901714424
10,1.2910129626592,3.927913665771485,4.142642498016357,4.21480655670166,4.249817848205566,256,0.0125,0.5557108438677257,-0.5733930254743622,0.5339301182438605,7.085782007102078,4.461869706283749
10,1.1998576720555625,4.432523727416992,4.674571990966797,4.628115177154541,4.589212894439697,256,0.00625,0.6367355717553033,-0.646824469689126,0.455858121389411,7.056411069054422,4.295670392958097
10,1.2063161134719849,3.169584035873413,3.654392719268799,3.840590000152588,3.934149026870728,256,0.003125,0.7336624099148644,-1.0606852933329822,0.4291776491582851,6.600780857968738,3.9871338669597014
10,1.1835861206054688,2.772770881652832,3.513702869415283,3.802384853363037,3.9403367042541504,256,0.0015625,0.7149608582258224,-1.2111181756624492,0.3233774457808659,6.710298501569562,4.142531945214167
10,13.756810188293455,13.756808280944824,13.756808280944824,13.756808280944824,13.756808280944824,512,0.1,0.0,0.0,0.0042205040497785,0.0,0.0
10,13.739164034525553,13.735796928405762,13.726720809936523,13.729294776916504,13.733148574829102,512,0.05,0.8539792367050217,0.0,0.0017786806998042,-5.541912832129849e-28,-3.750848444530817e-31
10,7.620103677113851,7.571741580963135,8.66403865814209,10.021268844604492,11.096794128417969,512,0.025,0.8124903705384996,-19.419193017986654,0.0319083455359787,-2.7615045690663567e-06,-2.5508935408424804e-08
10,1.363626758257548,2.907120943069458,3.582040786743164,3.796928405761719,3.8837499618530273,512,0.0125,0.4695617564850383,-1.0705667172583822,0.4599861672293609,6.46944924533228,3.980309507766333
10,1.3649680217107136,2.841247320175171,3.512261152267456,3.779383420944214,3.901198625564575,512,0.00625,0.7576058639420403,-0.9167791753264257,0.3112299093817959,6.768965975387323,4.256327341836096
10,1.2437326510747273,2.9405105113983154,3.585453987121582,3.844691514968872,4.003374576568604,512,0.003125,0.7161803990602493,-1.0820663412129734,0.3025892319728983,6.3378877363890895,3.892738708188509
10,1.50594429175059,2.6737618446350098,3.430995225906372,3.768794298171997,3.947489500045776,512,0.0015625,0.8419337007734511,-1.3121217817674389,0.2047849637729479,6.828422565768738,4.423387500152365
10,13.756810188293455,13.756808280944824,13.756791114807127,13.75660228729248,13.756393432617188,1024,0.1,0.0,0.0,5.472478697932525e-05,0.0,0.0
10,13.74736754099528,13.740110397338867,13.728375434875488,13.73072338104248,13.734167098999023,1024,0.05,0.4629997751779026,0.0,5.472478697932525e-05,-5.126986024487953e-32,-3.907449693911642e-36
10,6.026614189147949,5.158781051635742,5.377085208892822,5.412367343902588,5.4163665771484375,1024,0.025,0.422287399156226,0.21448233283668897,0.1026875471386222,7.029240850377205,4.5536183120010305
10,1.4149257342020671,3.164755582809448,3.8610899448394775,4.083265781402588,4.175717830657959,1024,0.0125,0.540666926238272,-0.26874719764023236,0.3951347714313382,6.559798239785207,3.9531091692208866
10,1.5936115980148315,2.941289186477661,3.612776756286621,3.860282421112061,3.969274044036865,1024,0.00625,0.5662679026524226,-1.0876139312624131,0.3417453361703313,6.758042289710319,4.2482084710624894
10,1.3094278573989868,2.2409889698028564,3.0769827365875244,3.5209386348724365,3.763916969299317,1024,0.003125,0.7837458352247875,-0.6529541940844076,0.310266168485803,5.866550909774788,3.4528710086625845
10,1.5081867774327595,2.8253016471862797,3.638923406600952,4.01461935043335,4.2096848487854,1024,0.0015625,0.7942497895823585,-1.2263979646020209,0.1755978513224122,5.861236000535032,3.4792012246467436
11,13.756807327270508,13.756808280944824,13.756351470947266,13.755765914916992,13.754404067993164,16,0.1,0.0,0.0,5.472478697932525e-05,0.0,0.0
11,11.81846046447754,7.9710373878479,7.966605186462402,7.931492328643799,7.844582080841064,16,0.05,0.2688659017698632,0.0,0.2309740873407104,-1.6648041447330804e-22,-8.858683017014458e-26
11,4.6595860322316485,4.695127010345459,4.7744550704956055,4.781780242919922,4.7803730964660645,16,0.025,0.1510025428401099,-1.8640725379614294,0.2104195238940819,9.099675206870609,6.598329567321143
11,1.7637726068496704,4.804872512817383,4.9626545906066895,4.930593013763428,4.902815341949463,16,0.0125,0.5181393275658289,-0.9639452876366476,0.5382085720114668,8.035708966547935,5.2106637376770175
11,1.2457093397776289,2.7308602333068848,3.710758209228516,4.109017372131348,4.272088050842285,16,0.00625,0.4778374599085914,-1.437258497232658,0.5038326728760217,6.845268702950767,4.120573085115614
11,1.2221758762995405,3.1254024505615234,3.824718475341797,4.101072788238525,4.235276699066162,16,0.003125,0.6567220886548361,-1.0031534548300938,0.558948141069275,6.611419459820008,3.831715539092156
11,1.12097163995107,3.9641811847686768,4.443901538848877,4.575256824493408,4.635980129241943,16,0.0015625,0.7263996501763662,-1.0194149907081163,0.3909156768561097,6.362072184128483,3.654356784991015
11,13.756810188293455,13.756808280944824,13.756808280944824,13.756808280944824,13.756808280944824,32,0.1,0.0,0.0,0.0038563556192111,0.0,0.0
11,13.468757311503092,13.299951553344728,13.45953369140625,13.55812931060791,13.60984992980957,32,0.05,0.7999796801143222,-41.9434762759209,0.0748747054394347,-2.571129203078403e-19,-4.498759226167356e-23
11,4.124494473139445,5.292688846588135,5.668601036071777,5.857959270477295,5.96186113357544,32,0.025,0.2717818255639738,-0.19051940823331098,0.2420473044416432,8.307082482624292,5.735392564137888
11,1.5243677695592244,2.7763476371765137,3.3598849773406982,3.6649210453033447,3.850366115570069,32,0.0125,0.5571113609605365,-1.3304230855913086,0.4505456949653351,7.717037834100444,4.9114798656544965
11,1.2192736864089966,4.122745513916016,4.173788547515869,4.166851997375488,4.158120155334473,32,0.00625,0.6192113641235564,-1.2857261068620356,0.4889366907890383,7.842921656612948,4.93054871618233
11,1.1791995366414387,3.671782970428467,4.076867580413818,4.219849586486816,4.290334224700928,32,0.003125,0.62506436308225,-1.2076868408455845,0.446581036038726,7.354948723829224,4.740516875731999
11,1.1531444787979126,3.849438428878784,4.1445841789245605,4.251737117767334,4.29447603225708,32,0.0015625,0.7436126669247944,-1.1965930086512229,0.4439845903965357,6.990351021447305,4.214932196499272
11,13.756810188293455,13.756808280944824,13.756786346435549,13.75673007965088,13.756631851196287,64,0.1,0.0,0.0,0.0020856962333154,0.0,0.0
11,13.749186833699545,13.73611831665039,13.719286918640137,13.718913078308104,13.720746040344238,64,0.05,0.5577993757194943,0.0,0.0007058420881638,-4.476654919132982e-34,-5.233878070482171e-38
11,4.066925088564555,5.615062713623047,5.924444198608398,6.163210391998291,6.343042373657227,64,0.025,0.292185059024228,-1.224525540582227,0.2298038532407008,7.977097557500267,5.339931351375665
11,1.3107541799545288,4.177445888519287,4.240324974060059,4.242217540740967,4.240911960601807,64,0.0125,0.6186170710457696,-1.2399706555726662,0.4723810909467327,7.386088676013421,4.627475399331809
11,1.1329230864842732,3.5227396488189697,3.9433016777038574,4.026758193969727,4.0394439697265625,64,0.00625,0.6109901931550767,-1.3225895004726853,0.4094179292033256,7.347468877023384,4.591417864071907
11,1.1231611569722493,3.7580254077911377,3.925177812576294,3.953397512435913,3.9569013118743896,64,0.003125,0.6517629275719324,-1.1539825026612038,0.3993405146622462,7.467403010817797,4.729418493963101
11,1.1276167233784993,3.768911600112915,4.094183921813965,4.208260536193848,4.26271915435791,64,0.0015625,0.7187959320015378,-1.0631899425934943,0.3944704376183571,7.017630756049063,4.36196967443436
11,13.756810188293455,13.756808280944824,13.756742477416992,13.756704330444336,13.756720542907717,128,0.1,0.0,0.0,0.0008916541941391,0.0,0.0
11,13.614957809448242,13.490837097167969,13.523844718933104,13.56828498840332,13.609121322631836,128,0.05,0.5072935554716322,0.0,0.0011490603702142,-5.634398980850137e-23,-1.0318487858235477e-26
11,6.422044674555461,3.980159521102905,4.537417411804199,4.70646333694458,4.766299724578857,128,0.025,0.5054733997417821,-0.8535795034421665,0.0442147747143185,7.462629810606472,5.173082396032746
11,1.45811661084493,4.430985450744629,4.429869651794434,4.413301467895508,4.403160095214844,128,0.0125,0.6345685488647885,-0.8970522718417437,0.4115776943533479,7.738318886482511,4.976549973441494
11,1.248160441716512,3.9250857830047607,4.279475688934326,4.3620381355285645,4.387380123138428,128,0.00625,0.5209579583671358,-0.9811824780665395,0.3768345131310563,7.297808221217454,4.582287146557607
11,1.1442242066065471,3.125654458999634,3.51495623588562,3.648925542831421,3.708033800125122,128,0.003125,0.6561339605185721,-0.8278321648780067,0.3536864823186187,6.587545927376499,4.004063692552557
11,1.3039500713348389,3.698062419891357,4.114606857299805,4.249929428100586,4.311954498291016,128,0.0015625,0.7567639615800645,-1.2027446500626837,0.3790977386728206,6.879477204922348,4.334748843259074
11,13.756810188293455,13.756808280944824,13.756624221801758,13.756400108337402,13.755786895751951,256,0.1,0.0,0.0,5.472478697932525e-05,0.0,0.0
11,13.752655029296877,13.745019912719728,13.730292320251465,13.72864055633545,13.732051849365234,256,0.05,0.4197037352455987,0.0,0.0049075551400955,-2.7331181622284675e-35,-7.181425283816026e-39
11,8.305821736653646,7.8368682861328125,9.3962984085083,10.888710021972656,11.88830852508545,256,0.025,0.9160833358764648,-22.295857937393965,0.1101736760764533,-1.5892540458144517e-07,-1.633506737282649e-09
11,1.3663277626037598,4.810633182525635,4.891942977905273,4.886894702911377,4.8817548751831055,256,0.0125,0.4825527891516685,-0.719859536317138,0.4461804767593218,7.419255598757636,4.749551234908016
11,1.2565160989761353,3.7159578800201416,4.088869094848633,4.168674945831299,4.19394588470459,256,0.00625,0.5320069607761171,-0.7573586805524009,0.3878222185289218,7.429840073043373,4.752224789099522
11,1.225168506304423,3.131537675857544,3.540122032165528,3.6676082611083984,3.717409610748291,256,0.003125,0.7622196839915382,-1.0427232760018845,0.4442108707565769,6.731095566144814,4.196100858150219
11,1.266252517700195,2.8839035034179688,3.4986813068389893,3.759823799133301,3.887603044509888,256,0.0015625,0.7646633519066705,-0.9570068679883349,0.3004644536513311,5.9147246901702015,3.5079921183467566
11,13.756810188293455,13.756808280944824,13.756726264953612,13.756425857543944,13.755977630615234,512,0.1,0.3456817416267262,0.0,5.472478697932525e-05,0.0,0.0
11,12.809946060180664,12.877750396728516,13.304213523864746,13.50937843322754,13.612934112548828,512,0.05,0.7691736155086093,-27.22588349968047,0.003038394867418,-2.750204215487858e-11,-1.6500200930187785e-15
11,8.361811319986979,7.989112377166748,8.12226390838623,8.66085433959961,9.533642768859863,512,0.025,0.7720072418451309,-13.966434036355542,0.0688390428283996,-0.0012636517872059,-1.2531906274186136e-05
11,1.3468137582143147,3.216984510421753,3.6166625022888175,3.7217342853546143,3.7598836421966553,512,0.0125,0.5408115767770344,-0.2331690483105007,0.4386547352716831,7.596892986881623,4.90437375912593
11,1.2846142848332722,3.365930318832397,3.816923141479492,3.931025505065918,3.979069232940674,512,0.00625,0.7079165048069425,-1.0771836973106763,0.4024181001161182,7.004779901490178,4.462834851282592
11,1.3217486540476482,2.6825625896453857,3.382364273071289,3.6829330921173096,3.829504251480103,512,0.003125,0.712912831041548,-1.229344009814129,0.3329671875943389,6.6391282328008865,4.22626469510269
11,1.3571661313374836,3.1996395587921143,4.054190635681152,4.393796443939209,4.558286190032959,512,0.0015625,0.7787261870172288,-1.3607017524375824,0.2403746196050404,6.179464344845954,3.7180406881128776
11,13.756810188293455,13.756808280944824,13.756808280944824,13.756808280944824,13.75678825378418,1024,0.1,0.0,0.0,0.0788311785670194,0.0,0.0
11,13.617122014363607,13.621253967285156,13.639391899108888,13.664414405822754,13.683749198913574,1024,0.05,0.7374950307938788,0.0,5.472478697932525e-05,-9.666291535270472e-23,-2.8245175528744847e-26
11,8.621810754140219,8.035985946655273,8.210821151733398,8.773082733154297,9.599282264709473,1024,0.025,0.8744645847214593,-13.390806201402317,0.1211998753684743,-0.0015856130849343,-1.5738996201738093e-05
11,1.2837340037027996,3.503737211227417,4.102802276611328,4.220404148101807,4.2428388595581055,1024,0.0125,0.6566792097356584,-1.2307913650913844,0.5135193193540699,6.40204509583156,3.904364966992254
11,1.497074007987976,2.3664135932922363,3.110046625137329,3.445331573486328,3.604952096939087,1024,0.00625,0.7083537495798535,-1.2264943506234764,0.4602915837784153,6.471418934727915,3.9864386903455338
11,1.29542072614034,3.5941367149353027,4.387462139129639,4.654079437255859,4.762509346008301,1024,0.003125,0.6268738425440259,-1.1026642860931302,0.2291784689657238,6.2458005285417855,3.9757734724409937
11,1.6039106051127117,2.8087596893310547,3.793384790420532,4.3112006187438965,4.5883636474609375,1024,0.0015625,0.7771536111831665,-1.1387827936902466,0.2896019423761891,6.103551154892181,3.625455524566931
