precision,avg_EF,emd,noise_emd,batch_size,learning_rate,loss
2,0.0,13.756807327270508,13.756808280944824,16,0.1,6.9323811384328574e-06
2,0.0,13.756807327270508,13.756729125976562,16,0.05,-0.0005684552533514943
2,0.0,7.678293704986572,3.5535945892333984,16,0.025,-53.718954682268006
2,0.0,3.5532188415527344,3.562032699584961,16,0.0125,0.24805277764357914
2,1.7190638e-05,3.189356724421183,3.169098377227783,16,0.00625,-0.635185993409893
2,0.00013243943,3.0947959423065186,2.9888739585876465,16,0.003125,-3.4225837726777404
2,0.0021834667,2.7687958081563315,2.6078531742095947,16,0.0015625,-5.8127303383164355
2,0.0,13.756810188293457,13.756808280944824,32,0.1,-1.386475939339182e-05
2,0.0,13.756810188293457,13.756712913513184,32,0.05,-0.0007071027290629829
2,0.0,8.856017112731934,3.5531997680664062,32,0.025,-59.87812892820502
2,0.0,3.5498488744099936,3.5390498638153076,32,0.0125,-0.3042104319576388
2,4.902456e-05,3.207635283470154,3.170452117919922,32,0.00625,-1.1592080228649198
2,0.00018251417,2.891343673070272,2.8856709003448486,32,0.003125,-0.19619849339457796
2,0.00022731333,2.894218842188517,2.9104647636413574,32,0.0015625,0.5613231873148771
2,0.0,13.756810188293457,13.756808280944824,64,0.1,-1.386475939339182e-05
2,0.0,13.756810188293457,13.756437301635742,64,0.05,-0.002710560461408101
2,4.3863763e-24,9.915040651957193,8.088204383850098,64,0.025,-18.42489942536428
2,0.0001797113,3.4843674500783286,3.4677531719207764,64,0.0125,-0.47682336595064745
2,9.2196984e-07,3.457327047983805,3.374953031539917,64,0.00625,-2.3825925433327435
2,1.4154909e-05,3.0488696893056235,3.004939556121826,64,0.003125,-1.440866211432027
2,1.2402835e-05,2.925020376841227,2.922750234603882,64,0.0015625,-0.07761115974845925
2,0.0,13.756810188293457,13.756808280944824,128,0.1,-1.386475939339182e-05
2,0.0,13.756810188293457,13.75678825378418,128,0.05,-0.00015944473302400593
2,1.07848764e-26,8.545428911844889,7.975491046905518,128,0.025,-6.669505659913403
2,0.0,3.5085031191507974,3.4961400032043457,128,0.0125,-0.35237580035112126
2,0.003053055,3.110898733139038,3.0144691467285156,128,0.00625,-3.0997340216606997
2,0.0003722139,3.047548691431681,3.0612151622772217,128,0.003125,0.4484414271694626
2,0.017349154,2.7152910232543945,2.5434958934783936,128,0.0015625,-6.326950897885599
2,0.0,13.756810188293457,13.756808280944824,256,0.1,-1.386475939339182e-05
2,0.0,13.756810188293457,13.756808280944824,256,0.05,-1.386475939339182e-05
2,0.0,11.367493311564127,11.00571060180664,256,0.025,-3.182607632497532
2,0.0,4.645766894022624,3.4847373962402344,256,0.0125,-24.99112685305419
2,0.0067453603,3.2621193726857505,3.248432159423828,256,0.00625,-0.4195803923218624
2,0.10013969,3.1406570275624595,2.8618195056915283,256,0.003125,-8.878318117000624
2,0.00012994361,2.9408181508382163,2.8989198207855225,256,0.0015625,-1.424716793207755
2,0.0,13.756810188293457,13.756808280944824,512,0.1,-1.386475939339182e-05
2,0.0,13.756810188293457,13.756808280944824,512,0.05,-1.386475939339182e-05
2,0.0,11.085002581278482,9.91495132446289,512,0.025,-10.55526372895661
2,1.4305054e-05,3.4247280756632485,3.312991142272949,512,0.0125,-3.2626512506006726
2,0.00014721142,3.2658492724100747,3.1537795066833496,512,0.00625,-3.4315657698440507
2,0.0017087827,3.0752241611480713,2.9232754707336426,512,0.003125,-4.941060633371904
2,0.017664276,3.0916452407836914,2.96923565864563,512,0.0015625,-3.959367023204522
2,0.0,13.756810188293457,13.756808280944824,1024,0.1,-1.386475939339182e-05
2,0.0,13.756810188293457,13.756808280944824,1024,0.05,-1.386475939339182e-05
2,8.24266e-40,11.303340276082357,8.096663475036621,1024,0.025,-28.36928485494682
2,1.0146986e-14,7.523851156234741,7.313754081726074,1024,0.0125,-2.7924140197080747
2,2.8941207,3.3703794479370117,3.2626419067382812,1024,0.00625,-3.19659975569445
2,0.0101955,3.188917795817057,2.99296236038208,1024,0.003125,-6.144888265605787
2,0.38260263,2.9756664435068765,2.938746690750122,1024,0.0015625,-1.2407221527572767
3,0.0,13.756807327270508,13.756808280944824,16,0.1,6.9323811384328574e-06
3,0.0,13.756806373596191,13.749829292297363,16,0.05,-0.0507173039246916
3,0.1066312,6.588415225346883,3.8715460300445557,16,0.025,-41.23706691785327
3,0.0025392286,2.9312841097513833,2.753293752670288,16,0.0125,-6.0720950415206065
3,0.00660241,1.9677091836929321,2.15643048286438,16,0.00625,9.590914182616244
3,0.0062029674,1.860877513885498,1.9608495235443115,16,0.003125,5.372304674157338
3,0.0069767586,1.5835820039113362,1.8944252729415894,16,0.0015625,19.629123611059747
3,0.0,13.756810188293457,13.756808280944824,32,0.1,-1.386475939339182e-05
3,0.0,13.756457010904947,13.743454933166504,32,0.05,-0.09451618049717656
3,0.0,7.354602177937825,3.579146385192871,32,0.025,-51.334602489723835
3,0.0050483663,2.7384634017944336,2.5061094760894775,32,0.0125,-8.484828592293818
3,0.0023053666,1.8177190224329631,2.0586659908294678,32,0.00625,13.255457274909531
3,0.0021964537,1.7299485206604004,1.9015377759933472,32,0.003125,9.91874921615837
3,4.704504e-05,1.4285861651102703,1.7147856950759888,32,0.0015625,20.033760437798108
3,0.0,13.756810188293457,13.756808280944824,64,0.1,-1.386475939339182e-05
3,0.0,13.746607144673666,13.62291431427002,64,0.05,-0.8998062511124654
3,3.5754983e-31,8.54724391301473,7.585354804992676,64,0.025,-11.253792658910832
3,0.0,3.545067469278971,3.528902053833008,64,0.0125,-0.45599739880976836
3,0.0010758879,1.9190647999445598,2.01163911819458,64,0.00625,4.8239287309472125
3,0.00034418743,1.693191647529602,1.8965189456939697,64,0.003125,12.008522393848681
3,6.636503e-05,1.5340059995651245,1.7572875022888184,64,0.0015625,14.555451724894944
3,0.0,10.352365732192993,3.5495080947875977,128,0.1,-65.71307287039126
3,0.0,13.756810188293457,13.756771087646484,128,0.05,-0.00028422756756453233
3,0.00085334707,5.44170606136322,3.024634599685669,128,0.025,-44.41753072329751
3,0.05868401,3.2618183294932046,2.9197497367858887,128,0.0125,-10.487052255925725
3,0.0005916227,2.433018445968628,2.0455434322357178,128,0.00625,-15.925691577675215
3,0.00026235063,1.691346565882365,1.8950769901275635,128,0.003125,12.045457055036712
3,0.0003793827,1.5135197639465332,1.8016941547393799,128,0.0015625,19.040015046874984
3,0.0,13.756810188293457,13.756808280944824,256,0.1,-1.386475939339182e-05
3,0.0,13.756810188293457,13.756738662719727,256,0.05,-0.0005199284772521933
3,1.0118571e-30,8.314114093780518,8.103487014770508,256,0.025,-2.53336767614931
3,0.0020014213,2.479948401451111,2.0996556282043457,256,0.0125,-15.334705069841032
3,0.00027490675,1.6805053154627483,1.9409801959991455,256,0.00625,15.499795099706196
3,0.0108832875,1.6571085055669148,1.9089866876602173,256,0.003125,15.199860555125944
3,0.0017970258,1.5240367650985718,1.8240283727645874,256,0.0015625,19.684013833262924
3,0.0,13.756810188293457,13.756808280944824,512,0.1,-1.386475939339182e-05
3,0.0,13.756810188293457,13.756808280944824,512,0.05,-1.386475939339182e-05
3,2.29635e-39,8.493816693623861,8.661887168884277,512,0.025,1.9787391383967967
3,0.0010483114,2.559708038965861,2.103651762008667,512,0.0125,-17.816730268247454
3,0.00018874038,1.7096708218256633,1.894561529159546,512,0.00625,10.814403859126985
3,0.00038342705,1.511559009552002,1.798053503036499,512,0.003125,18.95357651762525
3,0.004462737,1.5807191928227742,1.8504823446273804,512,0.0015625,17.06584907866373
3,0.0,13.756810188293457,13.756808280944824,1024,0.1,-1.386475939339182e-05
3,0.0,13.756810188293457,13.75677490234375,1024,0.05,-0.0002564980487777487
3,9.0495035e-36,7.9180534680684405,7.499904632568359,1024,0.025,-5.280954936543083
3,0.004147615,3.3240331013997397,2.046290874481201,1024,0.0125,-38.439515731070344
3,0.008800386,1.9580692052841187,1.8679940700531006,1024,0.00625,-4.6002018206475
3,0.0073303194,1.6553391218185425,1.9035688638687134,1024,0.003125,14.995703223486174
3,0.0329846,1.5844767888387044,1.8707431554794312,1024,0.0015625,18.066933429207083
4,0.0,13.756698608398438,13.754108428955078,16,0.1,-0.01882849597197743
4,0.0,13.755401611328125,13.73486328125,16,0.05,-0.14931101728946147
4,0.010307717,7.004456917444865,2.64174222946167,16,0.025,-62.28483863063943
4,0.010392654,1.9109400113423665,2.104581594467163,16,0.0125,10.13331564441787
4,0.020985672,1.6969029506047566,1.972218632698059,16,0.00625,16.224597994551377
4,0.002513206,1.3910086552302043,1.7759753465652466,16,0.003125,27.67536275835267
4,0.0013370507,1.230676571528117,1.6751776933670044,16,0.0015625,36.11843534869243
4,0.0,13.756810188293457,13.756808280944824,32,0.1,-1.386475939339182e-05
4,0.0,13.747170766194662,13.716053009033203,32,0.05,-0.22635753705758754
4,0.002479556,5.301364421844482,2.676090717315674,32,0.025,-49.52071760453336
4,0.009911436,2.3755508263905845,2.0810747146606445,32,0.0125,-12.396119184592122
4,0.046066128,1.4854127566019695,1.8074980974197388,32,0.00625,21.68322167601225
4,0.00046379506,1.4866199890772502,1.8496702909469604,32,0.003125,24.42119065646741
4,0.00047733355,1.2621989250183105,1.6884660720825195,32,0.0015625,33.77178815597749
4,0.0,13.756810188293457,13.756808280944824,64,0.1,-1.386475939339182e-05
4,3.436e-42,13.254566510518393,12.575489044189453,64,0.05,-5.123347231235708
4,0.005807756,5.167880376180013,3.4860126972198486,64,0.025,-32.54463254823567
4,0.023966959,2.21020770072937,2.0708730220794678,64,0.0125,-6.304144112968288
4,0.0024144857,1.581973393758138,1.79591965675354,64,0.00625,13.524011455537257
4,0.0005033487,1.2433140675226848,1.6605955362319946,64,0.003125,33.56203228205623
4,0.0006263132,1.255314588546753,1.6800938844680786,64,0.0015625,33.838473622224235
4,0.0,13.756810188293457,13.756808280944824,128,0.1,-1.386475939339182e-05
4,0.0,13.733343442281088,13.664558410644531,128,0.05,-0.5008615121703495
4,6.302289e-28,9.063520749409994,8.9122953414917,128,0.025,-1.668506225112787
4,0.005873989,2.2337363163630166,1.9477163553237915,128,0.0125,-12.804553471419785
4,0.00023012908,1.4990544716517131,1.7620742321014404,128,0.00625,17.545710674537563
4,0.00081782753,1.2906326055526733,1.716108798980713,128,0.003125,32.966484156491816
4,0.006051503,1.2978520790735881,1.7099789381027222,128,0.0015625,31.75453240582793
4,0.0,13.756810188293457,13.756808280944824,256,0.1,-1.386475939339182e-05
4,3.7414817e-21,11.398893515268961,7.205153942108154,256,0.05,-36.79076015179228
4,9.963981e-23,7.782457192738851,7.441040992736816,256,0.025,-4.386997468107896
4,0.011751111,2.214234550793966,1.9347491264343262,256,0.0125,-12.622214040487426
4,0.0016775706,1.3620993693669636,1.7294986248016357,256,0.00625,26.973014135189057
4,0.002770234,1.421138048171997,1.7548900842666626,256,0.003125,23.48484276555463
4,0.005746614,1.3850841919581096,1.7725989818572998,256,0.0015625,27.97770649243755
4,0.0,13.756810188293457,13.756808280944824,512,0.1,-1.386475939339182e-05
4,0.0,13.545520464579264,13.142250061035156,512,0.05,-2.9771495646744306
4,4.6219577e-31,8.478779474894205,8.841269493103027,512,0.025,4.275261778917127
4,0.019365687,3.8628653287887573,1.8801002502441406,512,0.0125,-51.328868852032535
4,0.015659206,1.5540865659713745,1.7924816608428955,512,0.00625,15.339885183455868
4,0.0042418623,1.3623158534367878,1.6642494201660156,512,0.003125,22.163257218766386
4,0.010202659,1.7443809111913045,1.7403603792190552,512,0.0015625,-0.2304847494291542
4,0.0,13.756810188293457,13.756808280944824,1024,0.1,-1.386475939339182e-05
4,0.0,13.756810188293457,13.752439498901367,1024,0.05,-0.03177109614995736
4,7.09608e-35,9.50751527150472,8.768927574157715,1024,0.025,-7.768461856281744
4,0.0,5.987423817316691,3.488121747970581,1024,0.0125,-41.74252809894107
4,0.0113190515,1.4757297833760579,1.8267872333526611,1024,0.00625,23.788735168946836
4,0.021782035,1.544061263402303,1.7753814458847046,1024,0.003125,14.981282670915077
4,0.015730249,1.5317053000132244,1.8347333669662476,1024,0.0015625,19.78370558294777
5,0.0,13.756807327270508,13.756808280944824,16,0.1,6.9323811384328574e-06
5,0.0,13.713943163553873,13.667366981506348,16,0.05,-0.33962647717037464
5,0.006460026,2.6551566918691,2.6964986324310303,16,0.025,1.5570433446934346
5,0.04887399,1.7731406688690186,2.072305202484131,16,0.0125,16.872013533248417
5,0.022299856,1.3741523424784343,1.807430624961853,16,0.00625,31.530585735636404
5,0.0049930713,1.2198565006256104,1.699693202972412,16,0.003125,39.3355039794201
5,0.024354115,1.1559715668360393,1.649740219116211,16,0.0015625,42.7146018506013
5,0.0,13.756810188293457,13.756808280944824,32,0.1,-1.386475939339182e-05
5,0.0,13.659982681274414,13.533023834228516,32,0.05,-0.9294217277444876
5,0.0,8.195270538330078,3.718104362487793,32,0.025,-54.6310967392979
5,0.011123382,2.8768746058146157,2.103440284729004,32,0.0125,-26.884533636689607
5,0.0063922186,1.3862532377243042,1.8837504386901855,32,0.00625,35.88790182251122
5,0.0055354163,1.2709123293558757,1.7740288972854614,32,0.003125,39.58703966500785
5,0.0135192545,1.1512428919474285,1.7924681901931763,32,0.0015625,55.698523980552785
5,0.0,13.756810188293457,13.756808280944824,64,0.1,-1.386475939339182e-05
5,0.0,13.70702075958252,13.637683868408203,64,0.05,-0.5058494649600883
5,3.9489206e-25,8.524564425150553,8.781099319458008,64,0.025,3.0093607310959394
5,0.0051116785,2.888888359069824,2.2554523944854736,64,0.0125,-21.926633564625075
5,0.009155772,1.4514786005020142,1.9287456274032593,64,0.00625,32.88143736574384
5,0.005015559,1.2263822952906291,1.7992197275161743,64,0.003125,46.70953212756498
5,0.010822987,1.203288992245992,1.8702486753463745,64,0.0015625,55.428054889413794
5,0.0,13.756810188293457,13.756808280944824,128,0.1,-1.386475939339182e-05
5,0.0,13.756797790527344,13.751652717590332,128,0.05,-0.03740022216910474
5,0.008328562,6.512161731719971,3.073500394821167,128,0.025,-52.803684529969374
5,0.009454501,2.181460698445638,2.111379623413086,128,0.0125,-3.212575641747169
5,0.003001004,1.296775499979655,1.7408435344696045,128,0.00625,34.24401791188347
5,0.009779315,1.2709583441416423,1.7178807258605957,128,0.003125,35.1642037505791
5,0.01779568,1.257047414779663,1.753840446472168,128,0.0015625,39.52062792950284
5,0.0,13.756810188293457,13.756808280944824,256,0.1,-1.386475939339182e-05
5,0.0,13.7200558980306,13.66650390625,256,0.05,-0.3903190495622288
5,2.7601653e-20,8.31463368733724,8.099398612976074,256,0.025,-2.5886296673413036
5,0.011041268,2.2343624035517373,1.9774205684661865,256,0.0125,-11.499559546701853
5,0.0068759113,1.39741849899292,1.8751269578933716,256,0.00625,34.18506762610647
5,0.007548259,1.3183789253234863,1.8300949335098267,256,0.003125,38.81403125894039
5,0.011087294,1.3332398335138957,1.7759170532226562,256,0.0015625,33.20311984243956
5,0.0,13.756810188293457,13.756808280944824,512,0.1,-1.386475939339182e-05
5,0.0,13.756810188293457,13.756448745727539,512,0.05,-0.0026273719050477497
5,3.917853e-29,8.089453220367432,8.4022855758667,512,0.025,3.8671631688483687
5,0.020756204,2.2855437596639,2.020796775817871,512,0.0125,-11.583544735322027
5,0.016819656,1.279195745786031,1.771897315979004,512,0.00625,38.516511004359316
5,0.023055365,1.5202168623606365,1.8831952810287476,512,0.003125,23.876752564398462
5,0.0356344,1.5137162605921428,1.84611976146698,512,0.0015625,21.959432525670696
5,0.0,13.756810188293457,13.756808280944824,1024,0.1,-1.386475939339182e-05
5,0.0,13.756810188293457,13.751091003417969,1024,0.05,-0.041573481041085374
5,2.1110872e-24,8.119535287221273,7.324641704559326,1024,0.025,-9.789890117393425
5,0.03880628,1.481541633605957,1.872351884841919,1024,0.0125,26.378620915617482
5,0.048320245,1.4596798817316692,1.8762954473495483,1024,0.00625,28.541570712314922
5,0.024820663,1.4804921944936116,1.766457438468933,1024,0.003125,19.31555228990135
5,0.02392081,1.2517183621724446,1.8988314867019653,1024,0.0015625,51.69798127802573
6,0.0,13.756807327270508,13.756808280944824,16,0.1,6.9323811384328574e-06
6,0.0,13.689341227213541,13.639592170715332,16,0.05,-0.3634145403528336
6,0.0,6.264570871988933,3.553208112716675,16,0.025,-43.28090167190382
6,0.034534283,2.34917143980662,2.8182008266448975,16,0.0125,19.965736807905646
6,0.034452792,1.375908613204956,2.11747407913208,16,0.00625,53.89641861458862
6,0.010025475,1.2194299697875977,1.7810157537460327,16,0.003125,46.053139407116014
6,0.013972033,1.185078501701355,1.8969132900238037,16,0.0015625,60.06646709905756
6,0.0,13.756810188293457,13.756808280944824,32,0.1,-1.386475939339182e-05
6,1.6205e-41,13.569326718648275,13.38375473022461,32,0.05,-1.367584348666578
6,0.01984063,6.989657402038574,5.200537204742432,32,0.025,-25.596679413419253
6,0.018948037,2.24575146039327,2.437509059906006,32,0.0125,8.538683059752113
6,0.0065448107,1.3060595194498699,1.8804209232330322,32,0.00625,43.97666379133252
6,0.007635782,1.171650767326355,2.1508629322052,32,0.003125,83.5754298282376
6,0.010373479,1.1627782980600994,2.276698350906372,32,0.0015625,95.79814610443466
6,0.0,13.756810188293457,13.756808280944824,64,0.1,-1.386475939339182e-05
6,0.0,13.756803512573242,13.753987312316895,64,0.05,-0.020471327178393926
6,0.028190536,2.5023103952407837,2.9812378883361816,64,0.025,19.139411881367074
6,0.0067378217,2.0495243867238364,2.223114252090454,64,0.0125,8.469763350515725
6,0.0035527877,1.2964364687601726,1.9125142097473145,64,0.00625,47.52085858679357
6,0.009291159,1.1704285144805908,2.0633676052093506,64,0.003125,76.29163846243318
6,0.0132818,1.1911062002182007,2.5272936820983887,64,0.0015625,112.18038170193469
6,0.0,13.756810188293457,13.756808280944824,128,0.1,-1.386475939339182e-05
6,0.0,13.756810188293457,13.756257057189941,128,0.05,-0.004020780224083627
6,0.0014957222,6.330972989400228,3.5394914150238037,128,0.025,-44.0924574950821
6,0.008034746,1.4156306385993958,2.213012218475342,128,0.0125,56.32695126356291
6,0.012707208,1.339908281962077,2.095227003097534,128,0.00625,56.37092712266965
6,0.0152949365,1.2305817206700642,2.0867531299591064,128,0.003125,69.57452681995375
6,0.040602114,1.105781356493632,2.0929369926452637,128,0.0015625,89.2722264084687
6,0.0,13.756810188293457,13.756808280944824,256,0.1,-1.386475939339182e-05
6,0.0,13.74083137512207,13.735239028930664,256,0.05,-0.0406987469588722
6,0.0,6.5838165283203125,3.9188380241394043,256,0.025,-40.47771520845839
6,0.025626225,2.143707553545634,2.052006244659424,256,0.0125,-4.277696775128609
6,0.0144354105,1.1470333735148113,2.082023859024048,256,0.00625,81.5137996067351
6,0.02735384,1.1740506092707317,2.0582149028778076,256,0.003125,75.30887396381317
6,0.030493686,1.4506330490112305,2.179852247238159,256,0.0015625,50.26903245613862
6,0.0,13.756810188293457,13.756808280944824,512,0.1,-1.386475939339182e-05
6,5.8147727e-17,11.808265209197998,7.9772162437438965,512,0.05,-32.443791679661146
6,2.4805482e-19,8.131706873575846,8.454926490783691,512,0.025,3.9748065471734435
6,0.018085206,1.4068724314371746,2.2706573009490967,512,0.0125,61.39752618718476
6,0.0326466,1.319995681444804,2.0110280513763428,512,0.00625,52.35110838962503
6,0.02995785,1.4012014071146648,1.9542618989944458,512,0.003125,39.47044936378103
6,0.015987514,1.4926106135050456,2.025749921798706,512,0.0015625,35.71857947879038
6,0.0,13.756810188293457,13.756808280944824,1024,0.1,-1.386475939339182e-05
6,0.0,13.705867131551107,13.706853866577148,1024,0.05,0.007199362262673596
6,9.028918e-21,8.180574099222818,8.138479232788086,1024,0.025,-0.5145710548448138
6,0.035743263,1.3767571449279785,1.9533848762512207,1024,0.0125,41.8830389548047
6,0.03735508,1.3725869258244832,2.2396278381347656,1024,0.00625,63.168379065644224
6,0.07075132,1.5098591248194377,2.017460346221924,1024,0.003125,33.6191114163177
6,0.05257251,1.803835391998291,2.3067574501037598,1024,0.0015625,27.88070687250077
7,0.0,13.743846893310547,13.756559371948242,16,0.1,0.09249578183152472
7,0.0,13.71309757232666,13.702256202697754,16,0.05,-0.07905850280526246
7,0.06896668,2.9172755082448325,2.7706801891326904,16,0.025,-5.02507626372048
7,0.0677701,1.7234386603037517,3.656379461288452,16,0.0125,112.15605437585022
7,0.022681708,1.3350872993469238,2.3846006393432617,16,0.00625,78.61009092886448
7,0.017206557,1.1943961381912231,2.140101909637451,16,0.003125,79.17856908666765
7,0.02970578,1.1723255316416423,2.7765839099884033,16,0.0015625,136.84410473431132
7,0.0,13.756810188293457,13.756808280944824,32,0.1,-1.386475939339182e-05
7,8.068e-41,13.20206610361735,13.273462295532227,32,0.05,0.54079559482977
7,0.009117616,4.822390238444011,3.1364121437072754,32,0.025,-34.96146125413384
7,0.0102112405,2.108998696009318,3.13812255859375,32,0.0125,48.79679937838545
7,0.0051829414,1.2493460178375244,2.5360164642333984,32,0.00625,102.9875173110932
7,0.02131104,1.2374838987986247,2.3160407543182373,32,0.003125,87.15724354609367
7,0.01319852,1.1954854726791382,2.552712917327881,32,0.0015625,113.52939668996004
7,0.0,13.756810188293457,13.756789207458496,64,0.1,-0.00015251235332731003
7,0.0,13.751276334126791,13.75092887878418,64,0.05,-0.002526713405860247
7,0.025304029,4.547825336456299,3.7859764099121094,64,0.025,-16.751939007794615
7,0.009603891,1.43086842695872,2.1612370014190674,64,0.0125,51.04372706110583
7,0.01378898,1.2200250625610352,2.5389163494110107,64,0.00625,108.10362240275653
7,0.016417015,1.1912279923756917,2.421588897705078,64,0.003125,103.2850901090438
7,0.032515407,1.132470726966858,2.1581037044525146,64,0.0015625,90.56595928379102
7,0.0,13.756810188293457,13.756808280944824,128,0.1,-1.386475939339182e-05
7,0.0,13.645970662434896,13.59000015258789,128,0.05,-0.4101614405568332
7,0.0016160203,4.249188741048177,4.338297367095947,128,0.025,2.097073852873606
7,0.0155977765,1.434932788213094,3.9379093647003174,128,0.0125,174.43162474558497
7,0.021670233,1.249456564585368,2.3052566051483154,128,0.00625,84.50073980069205
7,0.016529853,1.1962205568949382,2.5463125705718994,128,0.003125,112.86313430204135
7,0.022945857,1.2088747024536133,2.8434925079345703,128,0.0015625,135.21813320795175
7,0.0,13.756810188293457,13.756808280944824,256,0.1,-1.386475939339182e-05
7,0.0,13.719202359517416,13.713584899902344,256,0.05,-0.04094596367823971
7,0.037613735,4.829101085662842,3.473619222640991,256,0.025,-28.06903063276418
7,0.008405901,1.5824097792307537,2.57090425491333,256,0.0125,62.46766726650961
7,0.02162068,1.2873783111572266,2.593360424041748,256,0.00625,101.44509205771627
7,0.026345547,1.3556965589523315,2.415989875793457,256,0.003125,78.21022409767782
7,0.037017655,1.226340373357137,2.2669434547424316,256,0.0015625,84.8543441929273
7,0.0,13.756810188293457,13.756808280944824,512,0.1,-1.386475939339182e-05
7,0.0,13.756810188293457,13.756175994873047,512,0.05,-0.00461003249830278
7,5.1283718e-23,7.869976043701172,8.253215789794922,512,0.025,4.869643109021665
7,0.031680513,1.2676244179407756,2.512547254562378,512,0.0125,98.2091240119805
7,0.064610295,1.3412484327952068,2.3486523628234863,512,0.00625,75.1094208497091
7,0.046102136,1.4168161153793335,2.215911865234375,512,0.003125,56.40080891097814
7,0.029413644,1.229868491490682,1.920040249824524,512,0.0015625,56.117525012557095
7,0.0,13.756810188293457,13.756808280944824,1024,0.1,-1.386475939339182e-05
7,0.0,13.749136288960775,13.747078895568848,1024,0.05,-0.014963800988572374
7,1.546293e-21,9.237993558247885,8.147790908813477,1024,0.025,-11.801292591950892
7,0.025707312,1.3587580919265747,2.107635021209717,1024,0.0125,55.11480915792112
7,0.07147841,1.3816523949305217,2.31242036819458,1024,0.00625,67.36629102075007
7,0.05274861,1.230373462041219,2.143683433532715,1024,0.003125,74.23030483576042
7,0.04365809,1.6159816980361938,2.021848678588867,1024,0.0015625,25.11581542327486
8,0.0,13.756807327270508,13.756674766540527,16,0.1,-0.0009636009782421672
8,0.0,13.756807327270508,13.756181716918945,16,0.05,-0.004547642026811955
8,0.020395096,2.611660639444987,3.220329761505127,16,0.025,23.305827444314914
8,0.052793242,1.7329975763956706,2.1295502185821533,16,0.0125,22.882469519157798
8,0.010451958,1.3217399915059407,2.4263668060302734,16,0.00625,83.57368481116794
8,0.014135194,1.1893568833669026,3.2422280311584473,16,0.003125,172.60346129079056
8,0.058171548,1.1348771651585896,2.3778059482574463,16,0.0015625,109.52099674374607
8,0.0,13.756810188293457,13.756808280944824,32,0.1,-1.386475939339182e-05
8,0.037748713,9.946719964345297,5.372662544250488,32,0.05,-45.98558556479757
8,0.010362542,4.978298664093018,3.3189191818237305,32,0.025,-33.33226056198468
8,0.014983465,1.5876023769378662,3.705853223800659,32,0.0125,133.42451974331445
8,0.009681658,1.4121618668238323,3.4067325592041016,32,0.00625,141.24235608106054
8,0.008685507,1.1365737517674763,2.868962049484253,32,0.003125,152.4219871365808
8,0.0163398,1.12701682249705,2.892939567565918,32,0.0015625,156.6900076217354
8,0.0,13.756810188293457,13.756808280944824,64,0.1,-1.386475939339182e-05
8,0.0,13.639315923055014,13.571616172790527,64,0.05,-0.4963573733932727
8,0.031232044,3.078151067097982,4.79231071472168,64,0.025,55.687963659294105
8,0.033688348,1.4815006653467815,2.0533699989318848,64,0.0125,38.60068017257645
8,0.01032545,1.2244131962458293,3.248300790786743,64,0.00625,165.29449378251974
8,0.01457815,1.1848726272583008,2.8019893169403076,64,0.003125,136.48021335625617
8,0.027687516,1.127974510192871,2.6848666667938232,64,0.0015625,138.0254733180753
8,0.0,13.756810188293457,13.756808280944824,128,0.1,-1.386475939339182e-05
8,3.765116e-38,13.407410303751627,13.145453453063965,128,0.05,-1.9538213924456542
8,0.11815951,5.113621314366658,4.3029680252075195,128,0.025,-15.852822086798213
8,0.024070557,1.4394856691360474,2.747295618057251,128,0.0125,90.85258554231575
8,0.016712697,1.2221719026565552,3.2475879192352295,128,0.00625,165.7226787963428
8,0.02810284,1.2523487408955891,3.3468523025512695,128,0.003125,167.2460308586124
8,0.032993615,1.1387359301249187,2.7842822074890137,128,0.0015625,144.5063981764042
8,0.0,13.756810188293457,13.756808280944824,256,0.1,-1.386475939339182e-05
8,0.0,13.73690128326416,13.728543281555176,256,0.05,-0.06084342848970629
8,0.68681425,5.057904163996379,4.1317243576049805,256,0.025,-18.31153332212606
8,0.04615899,1.2939093112945557,2.9121556282043457,256,0.0125,125.06644034354582
8,0.02162116,1.2459217707316081,2.705209493637085,256,0.00625,117.12514839905073
8,0.041259963,1.226942737897237,2.7948672771453857,256,0.003125,127.791174829829
8,0.016844362,1.2876205444335938,2.5334560871124268,256,0.0015625,96.75486680176097
8,0.0,13.756810188293457,13.756808280944824,512,0.1,-1.386475939339182e-05
8,6.205943e-39,13.378607749938965,13.33462905883789,512,0.05,-0.3287239742960164
8,2.9442282e-20,7.417604764302571,6.502586841583252,512,0.025,-12.335760016803112
8,0.024423007,1.3541473150253296,3.2646102905273438,512,0.0125,141.08235893568778
8,0.023804057,1.3254512548446655,2.723587989807129,512,0.00625,105.48382898670356
8,0.021712547,1.443173925081889,2.421017646789551,512,0.003125,67.75647097782597
8,0.024170559,1.3876736958821614,2.2024905681610107,512,0.0015625,58.718189636134895
8,0.0,13.756810188293457,13.756765365600586,1024,0.1,-0.0003258218457447078
8,0.0,13.751289367675781,13.750065803527832,1024,0.05,-0.008897813981177413
8,2.0733979e-19,7.79166825612386,7.90354061126709,1024,0.025,1.435794639425304
8,0.23805869,1.3631781737009685,3.092334747314453,1024,0.0125,126.84743689219296
8,0.040947925,1.3356948693593342,2.3383803367614746,1024,0.00625,75.06845241406656
8,0.019575156,1.721743901570638,2.261059045791626,1024,0.003125,31.323772584819668
8,0.020640418,1.4007587035497029,2.3973422050476074,1024,0.0015625,71.14597960179962
9,0.0,13.756807327270508,13.756808280944824,16,0.1,6.9323811384328574e-06
9,0.073009126,8.579968214035034,3.982759475708008,16,0.05,-53.58071992396142
9,0.10078863,3.30351456006368,2.9799883365631104,16,0.025,-9.793394810838471
9,0.030144729,1.6431076526641846,2.1386187076568604,16,0.0125,30.15694401941584
9,0.07800267,1.2699809869130452,4.745951175689697,16,0.00625,273.7025376439474
9,0.030238435,1.1805824836095173,2.5870859622955322,16,0.003125,119.1364007354883
9,0.026520196,1.1662050088246663,3.146085739135742,16,0.0015625,169.77124221979244
9,0.0,13.756810188293457,13.756808280944824,32,0.1,-1.386475939339182e-05
9,1.19e-43,13.258840560913086,12.94184684753418,32,0.05,-2.390810206387127
9,0.22170867,5.838493824005127,4.482112884521484,32,0.025,-23.231692631185894
9,0.025117684,1.454197923342387,1.9854357242584229,32,0.0125,36.53132715903057
9,0.011610434,1.2751853863398235,2.7668957710266113,32,0.00625,116.97988391856167
9,0.02348173,1.1800036430358887,3.3596818447113037,32,0.003125,184.7179213843429
9,0.017526101,1.1141450802485149,2.9307329654693604,32,0.0015625,163.04769615961035
9,0.0,13.756810188293457,13.756808280944824,64,0.1,-1.386475939339182e-05
9,0.0,13.750262260437012,13.74769115447998,64,0.05,-0.018698595767362002
9,0.0418854,2.4332969586054483,4.999899387359619,64,0.025,105.47838888620984
9,0.007328177,1.3830795288085938,3.48620867729187,64,0.0125,152.06133159204117
9,0.017170593,1.3236615657806396,3.207119941711426,64,0.00625,142.29153619188165
9,0.02806466,1.2847765286763508,3.845043659210205,64,0.003125,199.27723408611658
9,0.021390088,1.1438584327697754,2.378607988357544,64,0.0015625,107.94601151804306
9,0.0,13.756810188293457,13.756808280944824,128,0.1,-1.386475939339182e-05
9,0.0,13.749924341837565,13.747876167297363,128,0.05,-0.014895896801185665
9,0.070412785,3.0216546853383384,3.5091400146484375,128,0.025,16.133058872526817
9,0.017036084,1.4668514331181843,3.4414565563201904,128,0.0125,134.6152090538887
9,0.02648132,1.2251257101694744,3.0640358924865723,128,0.00625,150.0997136092032
9,0.021301363,1.1553938786188762,3.11384654045105,128,0.003125,169.50519628624397
9,0.028159749,1.145585020383199,2.644254684448242,128,0.0015625,130.8213390887162
9,0.0,13.756810188293457,13.756227493286133,256,0.1,-0.004235683994681201
9,0.0,13.683523178100586,13.642435073852539,256,0.05,-0.3002743059170988
9,3.7408686e-13,8.444389820098877,8.004022598266602,256,0.025,-5.214908728918901
9,0.034171052,1.2515161434809368,3.8140857219696045,256,0.0125,204.75721322788522
9,0.018076034,1.3609352111816406,2.7834813594818115,256,0.00625,104.52710287839759
9,0.03368833,1.291239619255066,3.043733596801758,256,0.003125,135.7218250906621
9,0.027755527,1.1817245483398438,3.15981388092041,256,0.0015625,167.39005171378582
9,2.9270697e-14,11.82949940363566,7.979475498199463,512,0.1,-32.545957982405724
9,7.6114906e-38,13.199803670247396,12.783549308776855,512,0.05,-3.1534890356648715
9,1.1154816e-17,8.141069730122885,8.070175170898438,512,0.025,-0.870826090116011
9,0.029658705,1.3407781918843586,3.1390881538391113,512,0.0125,134.12434456644684
9,0.027657991,1.256491740544637,3.1405177116394043,512,0.00625,149.94336296059697
9,0.04637056,1.2058113813400269,2.9361562728881836,512,0.003125,143.50046104434776
9,0.036250565,1.4557750622431438,2.308263063430786,512,0.0015625,58.55904688146524
9,0.0,13.756810188293457,13.756808280944824,1024,0.1,-1.386475939339182e-05
9,0.0,13.721142133076986,13.69019889831543,1024,0.05,-0.22551500787214362
9,3.8013976e-23,7.675706545511882,8.25253963470459,1024,0.025,7.51504875508812
9,0.054207727,1.3921682834625244,3.9537436962127686,1024,0.0125,183.99897793815808
9,0.044939894,1.238191286722819,2.8308169841766357,1024,0.00625,128.6251740366463
9,0.08523743,1.4096417427062988,2.2942588329315186,1024,0.003125,62.75474565096865
9,0.052076425,1.3868520657221477,2.9497625827789307,1024,0.0015625,112.69482561883483
10,0.0,13.756807327270508,13.756808280944824,16,0.1,6.9323811384328574e-06
10,2.5704582e-30,12.651052792867025,11.803064346313477,16,0.05,-6.702908132923653
10,0.021181531,8.442576805750528,4.771299839019775,16,0.025,-43.485265828202124
10,0.024020903,1.6641966899236043,4.4793243408203125,16,0.0125,169.15834936710144
10,0.060403522,1.3696881135304768,1.93081796169281,16,0.00625,40.96770955513206
10,0.04633501,1.2413100401560466,4.027102470397949,16,0.003125,224.42357993750676
10,0.029465318,1.1329199870427449,2.9485957622528076,16,0.0015625,160.2651375186267
10,0.0,13.756810188293457,13.756808280944824,32,0.1,-1.386475939339182e-05
10,0.0,13.75130844116211,13.755057334899902,32,0.05,0.027262087486681037
10,0.0,3.911896546681722,3.7616512775421143,32,0.025,-3.840727057750387
10,0.036398206,1.46183443069458,2.0481743812561035,32,0.0125,40.10987415879432
10,0.015828568,1.304677963256836,2.1819241046905518,32,0.00625,67.23851909354455
10,0.017068163,1.1046432256698608,3.29551362991333,32,0.003125,198.33285112620095
10,0.02507373,1.1627522706985474,3.5282399654388428,32,0.0015625,203.43866482575692
10,0.0,13.756810188293457,13.756808280944824,64,0.1,-1.386475939339182e-05
10,1.81715e-40,13.404490152994791,13.18623161315918,64,0.05,-1.6282494697259986
10,0.050225932,2.466882308324178,5.339843273162842,64,0.025,116.46120916041373
10,0.02626845,1.3373315731684368,2.1838903427124023,64,0.0125,63.30208502729649
10,0.016109172,1.205156644185384,2.9405932426452637,64,0.00625,144.0009153028347
10,0.023416381,1.140220085779826,3.378600835800171,64,0.003125,196.311289191986
10,0.034462936,1.126236081123352,2.9399328231811523,64,0.0015625,161.04054668970898
10,0.0,13.756810188293457,13.756808280944824,128,0.1,-1.386475939339182e-05
10,0.0,13.740691502888998,13.748005867004395,128,0.05,0.05323141207164639
10,0.06492486,4.5185268719991045,3.905149459838867,128,0.025,-13.574720910951768
10,0.030429812,1.3462660710016887,3.910734176635742,128,0.0125,190.48746461581416
10,0.022135647,1.3046429951985676,3.6536777019500732,128,0.00625,180.05191576519988
10,0.02548463,1.1845239003499348,3.549184799194336,128,0.003125,199.62964851497108
10,0.03743646,1.1375094652175903,2.975403070449829,128,0.0015625,161.57171974658465
10,1.2890821e-35,12.073185920715332,13.095281600952148,256,0.1,8.465832357332385
10,8.8e-44,13.570504506429037,13.556050300598145,256,0.05,-0.10651192683400111
10,3.873e-42,7.432559013366699,6.568802356719971,256,0.025,-11.62125527820701
10,0.049066987,1.2910129626592,3.9279136657714844,256,0.0125,204.25052105447918
10,0.03531368,1.1998576720555623,4.432523727416992,256,0.00625,269.4207930365039
10,0.02592634,1.2063161134719849,3.169584035873413,256,0.003125,162.74904235099754
10,0.02777909,1.1835861206054688,2.5371553897857666,256,0.0015625,114.36170512779192
10,0.0,13.756810188293457,13.756808280944824,512,0.1,-1.386475939339182e-05
10,0.0,13.739164034525553,13.735796928405762,512,0.05,-0.02450735802651292
10,2.2938245e-20,7.620103677113851,7.571741580963135,512,0.025,-0.6346645426356353
10,0.029473042,1.363626758257548,2.907120943069458,512,0.0125,113.19037085955966
10,0.030446867,1.3649680217107136,2.841247320175171,512,0.00625,108.15486333622947
10,0.042189393,1.2437326510747273,2.9405105113983154,512,0.003125,136.4262535728541
10,0.039585274,1.50594429175059,2.421461343765259,512,0.0015625,60.79355372106247
10,0.0,13.756810188293457,13.756808280944824,1024,0.1,-1.386475939339182e-05
10,0.0,13.74736754099528,13.740110397338867,1024,0.05,-0.05278933319248964
10,0.30860767,6.026614189147949,5.158781051635742,1024,0.025,-14.400011520148471
10,0.05832561,1.4149257342020671,3.1647555828094482,1024,0.0125,123.66937757296354
10,0.049081147,1.5936115980148315,2.941289186477661,1024,0.00625,84.56750629461013
10,0.16599117,1.3094278573989868,2.2409889698028564,1024,0.003125,71.14260683702715
10,0.047915455,1.5081867774327595,2.5729947090148926,1024,0.0015625,70.6018609574772
11,0.0,13.756807327270508,13.756808280944824,16,0.1,6.9323811384328574e-06
11,0.0,11.818460464477539,7.9710373878479,16,0.05,-32.554350781929216
11,0.013674167,4.6595860322316485,4.695127010345459,16,0.025,0.7627496920963304
11,0.09314288,1.7637726068496704,4.804872512817383,16,0.0125,172.4201801387264
11,0.020253863,1.2457093397776287,2.7308602333068848,16,0.00625,119.22130196072625
11,0.04592142,1.2221758762995403,3.1254024505615234,16,0.003125,155.72444287024413
11,0.042475905,1.12097163995107,3.225033760070801,16,0.0015625,187.69985297857957
11,0.0,13.756810188293457,13.756808280944824,32,0.1,-1.386475939339182e-05
11,9.53e-43,13.468757311503092,13.299951553344727,32,0.05,-1.2533135333442789
11,0.44639835,4.124494473139445,5.292688846588135,32,0.025,28.323334679110236
11,0.02287518,1.5243677695592244,2.7763476371765137,32,0.0125,82.1310901882492
11,0.023977041,1.2192736864089966,4.122745513916016,32,0.00625,238.13126288801664
11,0.020326735,1.1791995366414387,3.671782970428467,32,0.003125,211.37927520615642
11,0.018541409,1.1531444787979126,3.3989484310150146,32,0.0015625,194.75477648370867
11,0.0,13.756810188293457,13.756808280944824,64,0.1,-1.386475939339182e-05
11,0.0,13.749186833699545,13.73611831665039,64,0.05,-0.09504938151777113
11,0.03626509,4.066925088564555,5.615062713623047,64,0.025,38.06653900293295
11,0.01967604,1.3107541799545288,4.177445888519287,64,0.0125,218.70551720569043
11,0.016158648,1.1329230864842732,3.5227396488189697,64,0.00625,210.942524770226
11,0.016203864,1.1231611569722493,3.7580254077911377,64,0.003125,234.59360524199377
11,0.029373908,1.1276167233784993,3.419862985610962,64,0.0015625,203.28239327318315
11,0.0,13.756810188293457,13.756808280944824,128,0.1,-1.386475939339182e-05
11,0.0,13.614957809448242,13.490837097167969,128,0.05,-0.9116496284266014
11,0.07744757,6.422044674555461,3.9801595211029053,128,0.025,-38.023484376050135
11,0.024865335,1.45811661084493,4.430985450744629,128,0.0125,203.88416247291914
11,0.020528667,1.248160441716512,3.9250857830047607,128,0.00625,214.46965084126938
11,0.034977596,1.1442242066065471,3.125654458999634,128,0.003125,173.16800684277266
11,0.03142952,1.3039500713348389,3.5752267837524414,128,0.0015625,174.18433131358492
11,0.0,13.756810188293457,13.756808280944824,256,0.1,-1.386475939339182e-05
11,0.0,13.752655029296875,13.745019912719727,256,0.05,-0.05551740053744949
11,3.0925193e-23,8.305821736653646,7.8368682861328125,256,0.025,-5.646081331740353
11,0.031592075,1.3663277626037598,4.810633182525635,256,0.0125,252.08485944530548
11,0.03305812,1.2565160989761353,3.7159578800201416,256,0.00625,195.73499957923883
11,0.032023594,1.225168506304423,3.131537675857544,256,0.003125,155.60056920688072
11,0.05456569,1.2662525177001953,2.713240385055542,256,0.0015625,114.27324701264233
11,0.0,13.756810188293457,13.756808280944824,512,0.1,-1.386475939339182e-05
11,3.2247444e-28,12.809946060180664,12.877750396728516,512,0.05,0.5293100863134726
11,6.0356277e-15,8.361811319986979,7.989112377166748,512,0.025,-4.4571556156664265
11,0.13072108,1.3468137582143147,3.216984510421753,512,0.0125,138.8588987008138
11,0.026071828,1.2846142848332722,3.3659303188323975,512,0.00625,162.0187521322212
11,0.035939444,1.3217486540476482,2.6825625896453857,512,0.003125,102.95557566338032
11,0.034780964,1.3571661313374836,2.975440263748169,512,0.0015625,119.23920698020076
11,0.0,13.756810188293457,13.756808280944824,1024,0.1,-1.386475939339182e-05
11,0.0,13.617122014363607,13.621253967285156,1024,0.05,0.030343804786286132
11,2.194667e-14,8.621810754140219,8.035985946655273,1024,0.025,-6.794684135274373
11,0.02091909,1.2837340037027996,3.503737211227417,1024,0.0125,172.93327131019706
11,0.051128633,1.497074007987976,2.3664135932922363,1024,0.00625,58.06924578649438
11,0.058864724,1.29542072614034,3.5941367149353027,1024,0.003125,177.4493755124565
11,0.06374864,1.6039106051127117,2.505075454711914,1024,0.0015625,56.185478587559736
