precision,emd,noise 5%,noise 10%,noise 15%,noise 20%,batch_size,learning_rate
2,13.756807327270508,13.756808280944824,13.756808280944824,13.756808280944824,13.756808280944824,16,0.1
2,13.756807327270508,13.756729125976562,13.755988121032715,13.755216598510742,13.754983901977539,16,0.05
2,7.678293704986572,3.5535945892333984,3.553208112716675,3.553208112716675,3.553208112716675,16,0.025
2,3.5532188415527344,3.562032699584961,3.5626845359802246,3.5628952980041504,3.563481092453003,16,0.0125
2,3.189356724421183,3.169098377227783,3.287214994430542,3.410857915878296,3.507692575454712,16,0.00625
2,3.0947959423065186,2.9888739585876465,3.216609477996826,3.4479410648345947,3.6411967277526855,16,0.003125
2,2.7687958081563315,2.6078531742095947,2.9486842155456543,3.2902467250823975,3.584120988845825,16,0.0015625
2,-1.0,-1.0,-1.0,-1.0,-1.0,16,0.0001
2,-1.0,-1.0,-1.0,-1.0,-1.0,16,0.00001
2,-1.0,-1.0,-1.0,-1.0,-1.0,16,0.000001
2,-1.0,-1.0,-1.0,-1.0,-1.0,16,0.0000001
2,13.756810188293457,13.756808280944824,13.756808280944824,13.756808280944824,13.756808280944824,32,0.1
2,13.756810188293457,13.756712913513184,13.756295204162598,13.755823135375977,13.755777359008789,32,0.05
2,8.856017112731934,3.5531997680664062,3.5509097576141357,3.5535638332366943,3.574366331100464,32,0.025
2,3.5498488744099936,3.5390498638153076,3.53450870513916,3.530791759490967,3.52778697013855,32,0.0125
2,3.207635283470154,3.170452117919922,3.3095145225524902,3.4521055221557617,3.5549211502075195,32,0.00625
2,2.891343673070272,2.8856709003448486,3.098428964614868,3.340414047241211,3.549936532974243,32,0.003125
2,2.894218842188517,2.9104647636413574,3.0927603244781494,3.2912325859069824,3.4647560119628906,32,0.0015625
2,-1.0,-1.0,-1.0,-1.0,-1.0,32,0.0001
2,-1.0,-1.0,-1.0,-1.0,-1.0,32,0.00001
2,-1.0,-1.0,-1.0,-1.0,-1.0,32,0.000001
2,-1.0,-1.0,-1.0,-1.0,-1.0,32,0.0000001
2,13.756810188293457,13.756808280944824,13.756808280944824,13.756808280944824,13.756808280944824,64,0.1
2,13.756810188293457,13.756437301635742,13.754096984863281,13.753427505493164,13.754460334777832,64,0.05
2,9.915040651957193,8.088204383850098,8.344703674316406,8.923652648925781,9.823466300964355,64,0.025
2,3.4843674500783286,3.4677531719207764,3.546490430831909,3.6226534843444824,3.6835098266601562,64,0.0125
2,3.457327047983805,3.374953031539917,3.409932851791382,3.4407384395599365,3.4651544094085693,64,0.00625
2,3.0488696893056235,3.004939556121826,3.1770505905151367,3.374532699584961,3.5503525733947754,64,0.003125
2,2.925020376841227,2.922750234603882,3.0761523246765137,3.262928009033203,3.426664352416992,64,0.0015625
2,-1.0,-1.0,-1.0,-1.0,-1.0,64,0.0001
2,-1.0,-1.0,-1.0,-1.0,-1.0,64,0.00001
2,-1.0,-1.0,-1.0,-1.0,-1.0,64,0.000001
2,-1.0,-1.0,-1.0,-1.0,-1.0,64,0.0000001
2,13.756810188293457,13.756808280944824,13.756808280944824,13.756808280944824,13.756808280944824,128,0.1
2,13.756810188293457,13.75678825378418,13.755951881408691,13.755475044250488,13.755545616149902,128,0.05
2,8.545428911844889,7.975491046905518,7.991893768310547,8.13248348236084,8.60416316986084,128,0.025
2,3.5085031191507974,3.4961400032043457,3.4953746795654297,3.4949681758880615,3.4945242404937744,128,0.0125
2,3.110898733139038,3.0144691467285156,3.1558358669281006,3.341209888458252,3.5041558742523193,128,0.00625
2,3.047548691431681,3.0612151622772217,3.2029716968536377,3.3809897899627686,3.537928581237793,128,0.003125
2,2.7152910232543945,2.5434958934783936,2.863616943359375,3.1837196350097656,3.4454054832458496,128,0.0015625
2,-1.0,-1.0,-1.0,-1.0,-1.0,128,0.0001
2,-1.0,-1.0,-1.0,-1.0,-1.0,128,0.00001
2,-1.0,-1.0,-1.0,-1.0,-1.0,128,0.000001
2,-1.0,-1.0,-1.0,-1.0,-1.0,128,0.0000001
2,13.756810188293457,13.756808280944824,13.756808280944824,13.756808280944824,13.756808280944824,256,0.1
2,13.756810188293457,13.756808280944824,13.75678539276123,13.756587028503418,13.756714820861816,256,0.05
2,11.367493311564127,11.00571060180664,11.688888549804688,12.421407699584961,12.967023849487305,256,0.025
2,4.645766894022624,3.4847373962402344,3.484870433807373,3.4852731227874756,3.485996961593628,256,0.0125
2,3.2621193726857505,3.248432159423828,3.3482840061187744,3.477861166000366,3.595404863357544,256,0.00625
2,3.1406570275624595,2.8618195056915283,3.084846258163452,3.3764545917510986,3.6471853256225586,256,0.003125
2,2.9408181508382163,2.8989198207855225,3.0607056617736816,3.271500587463379,3.454314708709717,256,0.0015625
2,-1.0,-1.0,-1.0,-1.0,-1.0,256,0.0001
2,-1.0,-1.0,-1.0,-1.0,-1.0,256,0.00001
2,-1.0,-1.0,-1.0,-1.0,-1.0,256,0.000001
2,-1.0,-1.0,-1.0,-1.0,-1.0,256,0.0000001
2,13.756810188293457,13.756808280944824,13.756808280944824,13.756808280944824,13.756808280944824,512,0.1
2,13.756810188293457,13.756808280944824,13.756762504577637,13.756402969360352,13.756485939025879,512,0.05
2,11.085002581278482,9.91495132446289,10.49739933013916,11.386409759521484,12.055712699890137,512,0.025
2,3.4247280756632485,3.312991142272949,3.3744590282440186,3.4542236328125,3.5168967247009277,512,0.0125
2,3.2658492724100747,3.1537795066833496,3.252239465713501,3.378376007080078,3.4936001300811768,512,0.00625
2,3.0752241611480713,2.9232754707336426,3.096421480178833,3.349395751953125,3.5976624488830566,512,0.003125
2,3.0916452407836914,2.96923565864563,3.170602321624756,3.3638010025024414,3.5430572032928467,512,0.0015625
2,-1.0,-1.0,-1.0,-1.0,-1.0,512,0.0001
2,-1.0,-1.0,-1.0,-1.0,-1.0,512,0.00001
2,-1.0,-1.0,-1.0,-1.0,-1.0,512,0.000001
2,-1.0,-1.0,-1.0,-1.0,-1.0,512,0.0000001
2,13.756810188293457,13.756808280944824,13.756808280944824,13.756808280944824,13.756808280944824,1024,0.1
2,13.756810188293457,13.756808280944824,13.756808280944824,13.756808280944824,13.756808280944824,1024,0.05
2,11.303340276082357,8.096663475036621,8.64862060546875,9.757025718688965,10.381332397460938,1024,0.025
2,7.523851156234741,7.313754081726074,7.43300724029541,7.510518550872803,7.642223834991455,1024,0.0125
2,3.3703794479370117,3.2626419067382812,3.4732046127319336,3.746882915496826,3.9330573081970215,1024,0.00625
2,3.188917795817057,2.99296236038208,3.0438032150268555,3.2470760345458984,3.469994068145752,1024,0.003125
2,2.9756664435068765,2.938746690750122,3.155632972717285,3.44490122795105,3.661694288253784,1024,0.0015625
2,-1.0,-1.0,-1.0,-1.0,-1.0,1024,0.0001
2,-1.0,-1.0,-1.0,-1.0,-1.0,1024,0.00001
2,-1.0,-1.0,-1.0,-1.0,-1.0,1024,0.000001
2,-1.0,-1.0,-1.0,-1.0,-1.0,1024,0.0000001
3,13.756807327270508,13.756808280944824,13.756522178649902,13.756183624267578,13.755755424499512,16,0.1
3,13.756806373596191,13.749829292297363,13.738751411437988,13.734661102294922,13.7371244430542,16,0.05
3,6.588415225346883,3.8715460300445557,3.9737205505371094,4.0726423263549805,4.148839950561523,16,0.025
3,2.9312841097513833,2.753293752670288,3.0984127521514893,3.396650552749634,3.6323623657226562,16,0.0125
3,1.9677091836929321,2.15643048286438,2.592252016067505,3.0053868293762207,3.343989610671997,16,0.00625
3,1.860877513885498,1.9608495235443115,2.464895009994507,2.9940686225891113,3.435856580734253,16,0.003125
3,1.5835820039113362,1.8944252729415894,2.4883270263671875,3.010305404663086,3.408259868621826,16,0.0015625
3,-1.0,-1.0,-1.0,-1.0,-1.0,16,0.0001
3,1.4940845568974812,-1.0,-1.0,-1.0,-1.0,16,0.00001
3,-1.0,-1.0,-1.0,-1.0,-1.0,16,0.000001
3,-1.0,-1.0,-1.0,-1.0,-1.0,16,0.0000001
3,13.756810188293457,13.756808280944824,13.756808280944824,13.756808280944824,13.756808280944824,32,0.1
3,13.756457010904947,13.743454933166504,13.733098030090332,13.736655235290527,13.74184799194336,32,0.05
3,7.354602177937825,3.579146385192871,3.661013126373291,3.7294788360595703,3.77976131439209,32,0.025
3,2.7384634017944336,2.5061094760894775,2.9599716663360596,3.4168901443481445,3.7905819416046143,32,0.0125
3,1.8177190224329631,2.0586659908294678,2.5398924350738525,2.96638822555542,3.2990713119506836,32,0.00625
3,1.7299485206604004,1.9015377759933472,2.409080982208252,2.8866660594940186,3.2714157104492188,32,0.003125
3,1.4285861651102703,1.7147856950759888,2.2701761722564697,2.7542996406555176,3.1360890865325928,32,0.0015625
3,1.4165303707122803,-1.0,-1.0,-1.0,-1.0,32,0.0001
3,1.5415589412053425,-1.0,-1.0,-1.0,-1.0,32,0.00001
3,2.9357924461364746,-1.0,-1.0,-1.0,-1.0,32,0.000001
3,4.364932696024577,-1.0,-1.0,-1.0,-1.0,32,0.0000001
3,13.756810188293457,13.756808280944824,13.756742477416992,13.75668716430664,13.756613731384277,64,0.1
3,13.746607144673666,13.62291431427002,13.582854270935059,13.601613998413086,13.628813743591309,64,0.05
3,8.54724391301473,7.585354804992676,8.206658363342285,9.322966575622559,10.466809272766113,64,0.025
3,3.545067469278971,3.528902053833008,3.5305182933807373,3.5324881076812744,3.5364997386932373,64,0.0125
3,1.9190647999445598,2.01163911819458,2.5060582160949707,2.9893198013305664,3.367478609085083,64,0.00625
3,1.693191647529602,1.8965189456939697,2.4369869232177734,2.9384801387786865,3.3243677616119385,64,0.003125
3,1.5340059995651245,1.7572875022888184,2.3401665687561035,2.845764636993408,3.2479195594787598,64,0.0015625
3,1.4380401770273845,-1.0,-1.0,-1.0,-1.0,64,0.0001
3,1.6303143898646038,-1.0,-1.0,-1.0,-1.0,64,0.00001
3,2.999206860860189,-1.0,-1.0,-1.0,-1.0,64,0.000001
3,3.5664189656575522,-1.0,-1.0,-1.0,-1.0,64,0.0000001
3,10.352365732192993,3.5495080947875977,3.6159636974334717,3.773740530014038,3.970186948776245,128,0.1
3,13.756810188293457,13.756771087646484,13.754977226257324,13.75280475616455,13.75124740600586,128,0.05
3,5.44170606136322,3.024634599685669,3.233163356781006,3.425713300704956,3.5801408290863037,128,0.025
3,3.2618183294932046,2.9197497367858887,3.2549679279327393,3.5909371376037598,3.8633010387420654,128,0.0125
3,2.433018445968628,2.0455434322357178,2.552272319793701,3.0558226108551025,3.4634029865264893,128,0.00625
3,1.691346565882365,1.8950769901275635,2.503476619720459,3.1162562370300293,3.61080265045166,128,0.003125
3,1.5135197639465332,1.8016941547393799,2.3154654502868652,2.774440050125122,3.1305861473083496,128,0.0015625
3,1.7003595034281414,-1.0,-1.0,-1.0,-1.0,128,0.0001
3,1.7376199960708618,-1.0,-1.0,-1.0,-1.0,128,0.00001
3,3.490447918574015,-1.0,-1.0,-1.0,-1.0,128,0.000001
3,3.567464749018351,-1.0,-1.0,-1.0,-1.0,128,0.0000001
3,13.756810188293457,13.756808280944824,13.756808280944824,13.756808280944824,13.756808280944824,256,0.1
3,13.756810188293457,13.756738662719727,13.755525588989258,13.754020690917969,13.753412246704102,256,0.05
3,8.314114093780518,8.103487014770508,8.947535514831543,10.034687042236328,10.94054126739502,256,0.025
3,2.479948401451111,2.0996556282043457,2.498386859893799,2.8645501136779785,3.1659629344940186,256,0.0125
3,1.6805053154627483,1.9409801959991455,2.4193639755249023,2.8382160663604736,3.1772732734680176,256,0.00625
3,1.6571085055669148,1.9089866876602173,2.4434938430786133,2.9403512477874756,3.332873821258545,256,0.003125
3,1.5240367650985718,1.8240283727645874,2.395521879196167,2.9703636169433594,3.4334349632263184,256,0.0015625
3,1.6983033418655396,-1.0,-1.0,-1.0,-1.0,256,0.0001
3,2.1479046742121377,-1.0,-1.0,-1.0,-1.0,256,0.00001
3,4.143060525258382,-1.0,-1.0,-1.0,-1.0,256,0.000001
3,3.5582375526428223,-1.0,-1.0,-1.0,-1.0,256,0.0000001
3,13.756810188293457,13.756808280944824,13.756808280944824,13.756808280944824,13.756808280944824,512,0.1
3,13.756810188293457,13.756808280944824,13.756570816040039,13.755990982055664,13.755449295043945,512,0.05
3,8.493816693623861,8.661887168884277,9.842166900634766,11.063272476196289,11.952544212341309,512,0.025
3,2.559708038965861,2.103651762008667,2.5290849208831787,2.943406343460083,3.288208246231079,512,0.0125
3,1.7096708218256633,1.894561529159546,2.4054505825042725,2.9596238136291504,3.4089860916137695,512,0.00625
3,1.511559009552002,1.798053503036499,2.319324254989624,2.762707233428955,3.1122586727142334,512,0.003125
3,1.5807191928227742,1.8504823446273804,2.3506290912628174,2.830754518508911,3.2228453159332275,512,0.0015625
3,1.718405286471049,-1.0,-1.0,-1.0,-1.0,512,0.0001
3,2.531390349070231,-1.0,-1.0,-1.0,-1.0,512,0.00001
3,3.678538958231608,-1.0,-1.0,-1.0,-1.0,512,0.000001
3,3.5560858249664307,-1.0,-1.0,-1.0,-1.0,512,0.0000001
3,13.756810188293457,13.756808280944824,13.756808280944824,13.756808280944824,13.75678825378418,1024,0.1
3,13.756810188293457,13.75677490234375,13.755841255187988,13.754426956176758,13.753856658935547,1024,0.05
3,7.9180534680684405,7.499904632568359,8.274349212646484,9.516947746276855,10.659871101379395,1024,0.025
3,3.3240331013997397,2.046290874481201,2.485203266143799,2.9662508964538574,3.3636393547058105,1024,0.0125
3,1.9580692052841187,1.8679940700531006,2.3862805366516113,2.8972678184509277,3.317622661590576,1024,0.00625
3,1.6553391218185425,1.9035688638687134,2.3813185691833496,2.8097052574157715,3.1443612575531006,1024,0.003125
3,1.5844767888387044,1.8707431554794312,2.375352144241333,2.8522024154663086,3.217586040496826,1024,0.0015625
3,1.9251924355824788,-1.0,-1.0,-1.0,-1.0,1024,0.0001
3,-1.0,-1.0,-1.0,-1.0,-1.0,1024,0.00001
3,3.5738715330759683,-1.0,-1.0,-1.0,-1.0,1024,0.000001
3,3.5552324453989663,-1.0,-1.0,-1.0,-1.0,1024,0.0000001
4,13.756698608398438,13.754108428955078,13.746072769165039,13.741842269897461,13.740130424499512,16,0.1
4,13.755401611328125,13.73486328125,13.721660614013672,13.723756790161133,13.73071575164795,16,0.05
4,7.004456917444865,2.64174222946167,3.1561594009399414,3.580059289932251,3.8932526111602783,16,0.025
4,1.9109400113423665,2.104581594467163,2.6308727264404297,3.069495439529419,3.4086356163024902,16,0.0125
4,1.6969029506047566,1.972218632698059,2.6230685710906982,3.210742712020874,3.6644625663757324,16,0.00625
4,1.3910086552302043,1.7759753465652466,2.3959271907806396,2.8844549655914307,3.2493979930877686,16,0.003125
4,1.230676571528117,1.6751776933670044,2.3438034057617188,2.8385837078094482,3.2009782791137695,16,0.0015625
4,-1.0,-1.0,-1.0,-1.0,-1.0,16,0.0001
4,1.3916505575180054,-1.0,-1.0,-1.0,-1.0,16,0.00001
4,-1.0,-1.0,-1.0,-1.0,-1.0,16,0.000001
4,-1.0,-1.0,-1.0,-1.0,-1.0,16,0.0000001
4,13.756810188293457,13.756808280944824,13.756808280944824,13.756808280944824,13.756771087646484,32,0.1
4,13.747170766194662,13.716053009033203,13.705757141113281,13.710214614868164,13.718855857849121,32,0.05
4,5.301364421844482,2.676090717315674,3.0298001766204834,3.3266334533691406,3.546640396118164,32,0.025
4,2.3755508263905845,2.0810747146606445,2.6259539127349854,3.0645604133605957,3.387134075164795,32,0.0125
4,1.4854127566019695,1.8074980974197388,2.4278597831726074,2.9310925006866455,3.315154552459717,32,0.00625
4,1.4866199890772502,1.8496702909469604,2.472856283187866,3.0024564266204834,3.4042274951934814,32,0.003125
4,1.2621989250183105,1.6884660720825195,2.307697057723999,2.7815372943878174,3.1301498413085938,32,0.0015625
4,1.2280092636744182,-1.0,-1.0,-1.0,-1.0,32,0.0001
4,1.463840087254842,-1.0,-1.0,-1.0,-1.0,32,0.00001
4,2.3815415700276694,-1.0,-1.0,-1.0,-1.0,32,0.000001
4,4.044181744257609,-1.0,-1.0,-1.0,-1.0,32,0.0000001
4,13.756810188293457,13.756808280944824,13.756808280944824,13.756808280944824,13.756808280944824,64,0.1
4,13.254566510518393,12.575489044189453,12.917545318603516,13.150124549865723,13.315187454223633,64,0.05
4,5.167880376180013,3.4860126972198486,3.8290553092956543,4.118979454040527,4.324970722198486,64,0.025
4,2.21020770072937,2.0708730220794678,2.642171859741211,3.11683988571167,3.4647183418273926,64,0.0125
4,1.581973393758138,1.79591965675354,2.4051616191864014,2.8866140842437744,3.2423062324523926,64,0.00625
4,1.2433140675226848,1.6605955362319946,2.310483455657959,2.7721898555755615,3.089334011077881,64,0.003125
4,1.255314588546753,1.6800938844680786,2.28995418548584,2.749573230743408,3.079991102218628,64,0.0015625
4,1.2823950449625652,-1.0,-1.0,-1.0,-1.0,64,0.0001
4,1.5693786938985188,-1.0,-1.0,-1.0,-1.0,64,0.00001
4,2.6469318866729736,-1.0,-1.0,-1.0,-1.0,64,0.000001
4,3.588888645172119,-1.0,-1.0,-1.0,-1.0,64,0.0000001
4,13.756810188293457,13.756808280944824,13.756808280944824,13.756793975830078,13.756759643554688,128,0.1
4,13.733343442281088,13.664558410644531,13.6442232131958,13.65027141571045,13.668888092041016,128,0.05
4,9.063520749409994,8.9122953414917,10.325475692749023,11.526371002197266,12.330572128295898,128,0.025
4,2.2337363163630166,1.9477163553237915,2.5720767974853516,3.090552568435669,3.4724535942077637,128,0.0125
4,1.4990544716517131,1.7620742321014404,2.4118428230285645,2.9506051540374756,3.3542940616607666,128,0.00625
4,1.2906326055526733,1.716108798980713,2.3214588165283203,2.788956880569458,3.13399338722229,128,0.003125
4,1.2978520790735881,1.7099789381027222,2.326139211654663,2.791612386703491,3.1178159713745117,128,0.0015625
4,1.334085464477539,-1.0,-1.0,-1.0,-1.0,128,0.0001
4,1.5515534083048503,-1.0,-1.0,-1.0,-1.0,128,0.00001
4,3.686685641606649,-1.0,-1.0,-1.0,-1.0,128,0.000001
4,3.561262925465902,-1.0,-1.0,-1.0,-1.0,128,0.0000001
4,13.756810188293457,13.756808280944824,13.756780624389648,13.756729125976562,13.75661849975586,256,0.1
4,11.398893515268961,7.205153942108154,7.646070957183838,8.041752815246582,8.801008224487305,256,0.05
4,7.782457192738851,7.441040992736816,7.499129295349121,7.866426944732666,8.622457504272461,256,0.025
4,2.214234550793966,1.9347491264343262,2.544264316558838,3.0426418781280518,3.4101431369781494,256,0.0125
4,1.3620993693669636,1.7294986248016357,2.3260927200317383,2.816509246826172,3.1777894496917725,256,0.00625
4,1.421138048171997,1.7548900842666626,2.337209463119507,2.805346965789795,3.1445395946502686,256,0.003125
4,1.3850841919581096,1.7725989818572998,2.407999277114868,2.924659490585327,3.298962116241455,256,0.0015625
4,1.4107799132664998,-1.0,-1.0,-1.0,-1.0,256,0.0001
4,1.6869467496871948,-1.0,-1.0,-1.0,-1.0,256,0.00001
4,4.1808803876241045,-1.0,-1.0,-1.0,-1.0,256,0.000001
4,3.5563687483469644,-1.0,-1.0,-1.0,-1.0,256,0.0000001
4,13.756810188293457,13.756808280944824,13.756808280944824,13.756692886352539,13.75666618347168,512,0.1
4,13.545520464579264,13.142250061035156,13.284122467041016,13.395766258239746,13.483637809753418,512,0.05
4,8.478779474894205,8.841269493103027,10.133125305175781,11.265971183776855,12.04281997680664,512,0.025
4,3.8628653287887573,1.8801002502441406,2.4114348888397217,2.870810031890869,3.210916757583618,512,0.0125
4,1.5540865659713745,1.7924816608428955,2.373950958251953,2.872891902923584,3.239471912384033,512,0.00625
4,1.3623158534367878,1.6642494201660156,2.2382194995880127,2.7147531509399414,3.0803613662719727,512,0.003125
4,1.7443809111913045,1.7403603792190552,2.361776351928711,2.8665976524353027,3.235443592071533,512,0.0015625
4,1.8399854898452759,-1.0,-1.0,-1.0,-1.0,512,0.0001
4,2.0539027055104575,-1.0,-1.0,-1.0,-1.0,512,0.00001
4,3.6525564193725586,-1.0,-1.0,-1.0,-1.0,512,0.000001
4,3.555476665496826,-1.0,-1.0,-1.0,-1.0,512,0.0000001
4,13.756810188293457,13.756808280944824,13.756808280944824,13.756808280944824,13.756808280944824,1024,0.1
4,13.756810188293457,13.752439498901367,13.741962432861328,13.739619255065918,13.7379150390625,1024,0.05
4,9.50751527150472,8.768927574157715,10.110514640808105,11.363652229309082,12.178876876831055,1024,0.025
4,5.987423817316691,3.488121747970581,3.4898338317871094,3.491947650909424,3.495025634765625,1024,0.0125
4,1.4757297833760579,1.8267872333526611,2.4847452640533447,3.0360703468322754,3.452897787094116,1024,0.00625
4,1.544061263402303,1.7753814458847046,2.343926191329956,2.834588050842285,3.2004103660583496,1024,0.003125
4,1.5317053000132244,1.8347333669662476,2.45912766456604,2.9643683433532715,3.3221826553344727,1024,0.0015625
4,1.953376332918803,-1.0,-1.0,-1.0,-1.0,1024,0.0001
4,-1.0,-1.0,-1.0,-1.0,-1.0,1024,0.00001
4,3.5669058163960776,-1.0,-1.0,-1.0,-1.0,1024,0.000001
4,3.554760535558065,-1.0,-1.0,-1.0,-1.0,1024,0.0000001
5,13.756807327270508,13.756808280944824,13.756808280944824,13.756808280944824,13.756808280944824,16,0.1
5,13.713943163553873,13.667366981506348,13.664196014404297,13.680242538452148,13.697765350341797,16,0.05
5,2.6551566918691,2.6964986324310303,3.345000982284546,3.7730114459991455,4.037424564361572,16,0.025
5,1.7731406688690186,2.072305202484131,2.7493722438812256,3.259544610977173,3.6066932678222656,16,0.0125
5,1.3741523424784343,1.807430624961853,2.4651570320129395,2.9908671379089355,3.386087417602539,16,0.00625
5,1.2198565006256104,1.699693202972412,2.3906147480010986,2.9320569038391113,3.3307583332061768,16,0.003125
5,1.1559715668360393,1.649740219116211,2.316255807876587,2.7865166664123535,3.1133713722229004,16,0.0015625
5,-1.0,-1.0,-1.0,-1.0,-1.0,16,0.0001
5,1.398778239885966,-1.0,-1.0,-1.0,-1.0,16,0.00001
5,-1.0,-1.0,-1.0,-1.0,-1.0,16,0.000001
5,-1.0,-1.0,-1.0,-1.0,-1.0,16,0.0000001
5,13.756810188293457,13.756808280944824,13.756786346435547,13.756545066833496,13.756453514099121,32,0.1
5,13.659982681274414,13.533023834228516,13.553791999816895,13.586073875427246,13.617780685424805,32,0.05
5,8.195270538330078,3.718104362487793,3.9001643657684326,3.8699448108673096,3.839616060256958,32,0.025
5,2.8768746058146157,2.103440284729004,2.9159789085388184,3.518510341644287,3.914860486984253,32,0.0125
5,1.3862532377243042,1.8837504386901855,2.5983593463897705,3.120725393295288,3.483860731124878,32,0.00625
5,1.2709123293558757,1.7740288972854614,2.473255157470703,2.984879732131958,3.328213691711426,32,0.003125
5,1.1512428919474285,1.7924681901931763,2.5882954597473145,3.104949951171875,3.4190194606781006,32,0.0015625
5,1.19336994489034,-1.0,-1.0,-1.0,-1.0,32,0.0001
5,1.4308274984359741,-1.0,-1.0,-1.0,-1.0,32,0.00001
5,2.075505018234253,-1.0,-1.0,-1.0,-1.0,32,0.000001
5,4.044698397318522,-1.0,-1.0,-1.0,-1.0,32,0.0000001
5,13.756810188293457,13.756808280944824,13.75677490234375,13.756707191467285,13.756499290466309,64,0.1
5,13.70702075958252,13.637683868408203,13.635602951049805,13.655205726623535,13.674803733825684,64,0.05
5,8.524564425150553,8.781099319458008,10.073145866394043,11.25163745880127,12.042373657226562,64,0.025
5,2.888888359069824,2.2554523944854736,3.09951114654541,3.6547582149505615,3.9905998706817627,64,0.0125
5,1.4514786005020142,1.9287456274032593,2.6676347255706787,3.219006061553955,3.5880510807037354,64,0.00625
5,1.2263822952906291,1.7992197275161743,2.5572054386138916,3.070866584777832,3.3963050842285156,64,0.003125
5,1.203288992245992,1.8702486753463745,2.650724411010742,3.1152873039245605,3.3662102222442627,64,0.0015625
5,1.2264772256215413,-1.0,-1.0,-1.0,-1.0,64,0.0001
5,1.4380931854248047,-1.0,-1.0,-1.0,-1.0,64,0.00001
5,2.6054673989613852,-1.0,-1.0,-1.0,-1.0,64,0.000001
5,3.613975763320923,-1.0,-1.0,-1.0,-1.0,64,0.0000001
5,13.756810188293457,13.756808280944824,13.756793975830078,13.756592750549316,13.756501197814941,128,0.1
5,13.756797790527344,13.751652717590332,13.740653038024902,13.735809326171875,13.734784126281738,128,0.05
5,6.512161731719971,3.073500394821167,3.5326545238494873,3.8721179962158203,4.11963415145874,128,0.025
5,2.181460698445638,2.111379623413086,2.952694892883301,3.4772233963012695,3.782621145248413,128,0.0125
5,1.296775499979655,1.7408435344696045,2.3970470428466797,2.8938944339752197,3.250998020172119,128,0.00625
5,1.2709583441416423,1.7178807258605957,2.439422369003296,2.94580078125,3.291741132736206,128,0.003125
5,1.257047414779663,1.753840446472168,2.4395084381103516,2.9029767513275146,3.196648120880127,128,0.0015625
5,1.2793991963068645,-1.0,-1.0,-1.0,-1.0,128,0.0001
5,1.6632912556330364,-1.0,-1.0,-1.0,-1.0,128,0.00001
5,3.258238156636556,-1.0,-1.0,-1.0,-1.0,128,0.000001
5,3.55835223197937,-1.0,-1.0,-1.0,-1.0,128,0.0000001
5,13.756810188293457,13.756808280944824,13.756808280944824,13.75672435760498,13.756720542907715,256,0.1
5,13.7200558980306,13.66650390625,13.658916473388672,13.669028282165527,13.684947967529297,256,0.05
5,8.31463368733724,8.099398612976074,8.621065139770508,9.6760892868042,10.751504898071289,256,0.025
5,2.2343624035517373,1.9774205684661865,2.6584513187408447,3.168877363204956,3.5137791633605957,256,0.0125
5,1.39741849899292,1.8751269578933716,2.4835026264190674,2.9243576526641846,3.2199819087982178,256,0.00625
5,1.3183789253234863,1.8300949335098267,2.522223472595215,3.020712375640869,3.3389227390289307,256,0.003125
5,1.3332398335138957,1.7759170532226562,2.402132749557495,2.8665099143981934,3.182473659515381,256,0.0015625
5,1.6016343434651692,-1.0,-1.0,-1.0,-1.0,256,0.0001
5,1.5835642417271931,-1.0,-1.0,-1.0,-1.0,256,0.00001
5,4.374083360036214,-1.0,-1.0,-1.0,-1.0,256,0.000001
5,3.5576930046081543,-1.0,-1.0,-1.0,-1.0,256,0.0000001
5,13.756810188293457,13.756808280944824,13.756808280944824,13.756808280944824,13.756808280944824,512,0.1
5,13.756810188293457,13.756448745727539,13.75357723236084,13.751022338867188,13.749837875366211,512,0.05
5,8.089453220367432,8.4022855758667,10.210238456726074,11.534476280212402,12.331088066101074,512,0.025
5,2.2855437596639,2.020796775817871,2.7120554447174072,3.2284672260284424,3.5602340698242188,512,0.0125
5,1.279195745786031,1.771897315979004,2.485802173614502,3.003277540206909,3.340974807739258,512,0.00625
5,1.5202168623606365,1.8831952810287476,2.562001943588257,3.058128833770752,3.3981101512908936,512,0.003125
5,1.5137162605921428,1.84611976146698,2.5539345741271973,3.0174379348754883,3.3060312271118164,512,0.0015625
5,1.464015285174052,-1.0,-1.0,-1.0,-1.0,512,0.0001
5,1.8619092305501301,-1.0,-1.0,-1.0,-1.0,512,0.00001
5,3.703364690144857,-1.0,-1.0,-1.0,-1.0,512,0.000001
5,3.5539944966634116,-1.0,-1.0,-1.0,-1.0,512,0.0000001
5,13.756810188293457,13.756808280944824,13.756808280944824,13.756808280944824,13.756808280944824,1024,0.1
5,13.756810188293457,13.751091003417969,13.74278736114502,13.740077018737793,13.740431785583496,1024,0.05
5,8.119535287221273,7.324641704559326,8.467080116271973,9.831554412841797,10.922513961791992,1024,0.025
5,1.481541633605957,1.872351884841919,2.5269105434417725,3.0534064769744873,3.4338223934173584,1024,0.0125
5,1.4596798817316692,1.8762954473495483,2.6720731258392334,3.265380859375,3.6433300971984863,1024,0.00625
5,1.4804921944936116,1.766457438468933,2.416170835494995,2.8814570903778076,3.1906497478485107,1024,0.003125
5,1.2517183621724446,1.8988314867019653,2.651169538497925,3.141751527786255,3.4542243480682373,1024,0.0015625
5,1.5241460800170898,-1.0,-1.0,-1.0,-1.0,1024,0.0001
5,-1.0,-1.0,-1.0,-1.0,-1.0,1024,0.00001
5,3.564921220143636,-1.0,-1.0,-1.0,-1.0,1024,0.000001
5,3.5532750288645425,-1.0,-1.0,-1.0,-1.0,1024,0.0000001
6,13.756807327270508,13.756808280944824,13.756808280944824,13.756684303283691,13.756800651550293,16,0.1
6,13.689341227213541,13.639592170715332,13.642943382263184,13.660901069641113,13.678210258483887,16,0.05
6,6.264570871988933,3.553208112716675,3.553208112716675,3.553208112716675,3.553208112716675,16,0.025
6,2.34917143980662,2.8182008266448975,3.967294692993164,4.5968852043151855,4.956974506378174,16,0.0125
6,1.375908613204956,2.11747407913208,3.0058648586273193,3.559562921524048,3.9180376529693604,16,0.00625
6,1.2194299697875977,1.7810157537460327,2.5408084392547607,3.117682456970215,3.5102362632751465,16,0.003125
6,1.185078501701355,1.8969132900238037,2.6972200870513916,3.233219623565674,3.5686981678009033,16,0.0015625
6,-1.0,-1.0,-1.0,-1.0,-1.0,16,0.0001
6,1.3691447973251343,-1.0,-1.0,-1.0,-1.0,16,0.00001
6,-1.0,-1.0,-1.0,-1.0,-1.0,16,0.000001
6,-1.0,-1.0,-1.0,-1.0,-1.0,16,0.0000001
6,13.756810188293457,13.756808280944824,13.75673770904541,13.75641918182373,13.75621223449707,32,0.1
6,13.569326718648275,13.38375473022461,13.488734245300293,13.562296867370605,13.615771293640137,32,0.05
6,6.989657402038574,5.200537204742432,5.3830718994140625,5.525837421417236,5.635223388671875,32,0.025
6,2.24575146039327,2.437509059906006,3.380643844604492,3.8827948570251465,4.153366565704346,32,0.0125
6,1.3060595194498699,1.8804209232330322,2.6548783779144287,3.201009511947632,3.557368516921997,32,0.00625
6,1.171650767326355,2.1508629322052,3.029433012008667,3.4512791633605957,3.6514804363250732,32,0.003125
6,1.1627782980600994,2.276698350906372,2.984924793243408,3.3307414054870605,3.509178638458252,32,0.0015625
6,1.1423523426055908,-1.0,-1.0,-1.0,-1.0,32,0.0001
6,1.3521944284439087,-1.0,-1.0,-1.0,-1.0,32,0.00001
6,2.1106598377227783,-1.0,-1.0,-1.0,-1.0,32,0.000001
6,4.240417957305908,-1.0,-1.0,-1.0,-1.0,32,0.0000001
6,13.756810188293457,13.756808280944824,13.756808280944824,13.756759643554688,13.756683349609375,64,0.1
6,13.756803512573242,13.753987312316895,13.747742652893066,13.746868133544922,13.747478485107422,64,0.05
6,2.5023103952407837,2.9812378883361816,3.8131799697875977,4.278139591217041,4.565316677093506,64,0.025
6,2.0495243867238364,2.223114252090454,3.1504368782043457,3.68058705329895,3.9722514152526855,64,0.0125
6,1.2964364687601726,1.9125142097473145,2.671121120452881,3.1851696968078613,3.507319211959839,64,0.00625
6,1.1704285144805908,2.0633676052093506,2.946671962738037,3.38236665725708,3.5871739387512207,64,0.003125
6,1.1911062002182007,2.5272936820983887,3.4673469066619873,3.8728256225585938,4.040866851806641,64,0.0015625
6,1.1581882238388062,-1.0,-1.0,-1.0,-1.0,64,0.0001
6,1.4066829681396484,-1.0,-1.0,-1.0,-1.0,64,0.00001
6,2.7534054120381675,-1.0,-1.0,-1.0,-1.0,64,0.000001
6,3.5952988465627036,-1.0,-1.0,-1.0,-1.0,64,0.0000001
6,13.756810188293457,13.756808280944824,13.7567777633667,13.756793975830078,13.756553649902344,128,0.1
6,13.756810188293457,13.756257057189941,13.752520561218262,13.750772476196289,13.751457214355469,128,0.05
6,6.330972989400228,3.5394914150238037,4.0235090255737305,4.380856513977051,4.622149467468262,128,0.025
6,1.4156306385993958,2.213012218475342,3.0946807861328125,3.5735371112823486,3.8198935985565186,128,0.0125
6,1.339908281962077,2.095227003097534,2.8999462127685547,3.362844705581665,3.6246719360351562,128,0.00625
6,1.2305817206700642,2.0867531299591064,2.9130754470825195,3.3252365589141846,3.526679039001465,128,0.003125
6,1.105781356493632,2.0929369926452637,3.006155490875244,3.534956455230713,3.8479340076446533,128,0.0015625
6,1.2833590507507324,-1.0,-1.0,-1.0,-1.0,128,0.0001
6,1.6357213656107585,-1.0,-1.0,-1.0,-1.0,128,0.00001
6,3.5875598589579263,-1.0,-1.0,-1.0,-1.0,128,0.000001
6,3.563514073689779,-1.0,-1.0,-1.0,-1.0,128,0.0000001
6,13.756810188293457,13.756808280944824,13.756779670715332,13.75661563873291,13.756387710571289,256,0.1
6,13.74083137512207,13.735239028930664,13.722622871398926,13.72398853302002,13.728608131408691,256,0.05
6,6.5838165283203125,3.9188380241394043,4.316196441650391,4.493290424346924,4.593270301818848,256,0.025
6,2.143707553545634,2.052006244659424,2.8927481174468994,3.4400665760040283,3.7623701095581055,256,0.0125
6,1.1470333735148113,2.082023859024048,2.807576894760132,3.183725595474243,3.3936450481414795,256,0.00625
6,1.1740506092707317,2.0582149028778076,2.837664842605591,3.2290515899658203,3.433415412902832,256,0.003125
6,1.4506330490112305,2.179852247238159,2.8897957801818848,3.242689609527588,3.425171136856079,256,0.0015625
6,1.3515810171763103,-1.0,-1.0,-1.0,-1.0,256,0.0001
6,1.59223210811615,-1.0,-1.0,-1.0,-1.0,256,0.00001
6,4.362480799357097,-1.0,-1.0,-1.0,-1.0,256,0.000001
6,3.557252566019694,-1.0,-1.0,-1.0,-1.0,256,0.0000001
6,13.756810188293457,13.756808280944824,13.756808280944824,13.756808280944824,13.756808280944824,512,0.1
6,11.808265209197998,7.9772162437438965,8.058916091918945,8.6029691696167,10.683156967163086,512,0.05
6,8.131706873575846,8.454926490783691,9.954483985900879,11.201252937316895,12.003433227539062,512,0.025
6,1.4068724314371746,2.2706573009490967,3.082930326461792,3.458700656890869,3.641340970993042,512,0.0125
6,1.319995681444804,2.0110280513763428,2.762486696243286,3.2112269401550293,3.4751644134521484,512,0.00625
6,1.4012014071146648,1.9542618989944458,2.7659361362457275,3.219292640686035,3.4527335166931152,512,0.003125
6,1.4926106135050456,2.025749921798706,2.611950397491455,2.983713388442993,3.219548225402832,512,0.0015625
6,1.2952416737874348,-1.0,-1.0,-1.0,-1.0,512,0.0001
6,1.8020344575246174,-1.0,-1.0,-1.0,-1.0,512,0.00001
6,3.66982364654541,-1.0,-1.0,-1.0,-1.0,512,0.000001
6,3.5528557300567627,-1.0,-1.0,-1.0,-1.0,512,0.0000001
6,13.756810188293457,13.756808280944824,13.756808280944824,13.756783485412598,13.756669044494629,1024,0.1
6,13.705867131551107,13.706853866577148,13.695701599121094,13.701600074768066,13.7105131149292,1024,0.05
6,8.180574099222818,8.138479232788086,8.60572624206543,9.508296966552734,10.437788009643555,1024,0.025
6,1.3767571449279785,1.9533848762512207,2.727573871612549,3.262737274169922,3.5871219635009766,1024,0.0125
6,1.3725869258244832,2.2396278381347656,3.0962729454040527,3.4956960678100586,3.6814215183258057,1024,0.00625
6,1.5098591248194377,2.017460346221924,2.7494776248931885,3.167354106903076,3.416499137878418,1024,0.003125
6,1.803835391998291,2.3067574501037598,3.0663769245147705,3.498918056488037,3.7491610050201416,1024,0.0015625
6,1.6610653400421143,-1.0,-1.0,-1.0,-1.0,1024,0.0001
6,-1.0,-1.0,-1.0,-1.0,-1.0,1024,0.00001
6,3.563735008239746,-1.0,-1.0,-1.0,-1.0,1024,0.000001
6,3.5562156041463218,-1.0,-1.0,-1.0,-1.0,1024,0.0000001
7,13.743846893310547,13.756559371948242,13.756808280944824,13.756808280944824,13.756808280944824,16,0.1
7,13.71309757232666,13.702256202697754,13.694314956665039,13.702049255371094,13.713784217834473,16,0.05
7,2.9172755082448325,2.7706801891326904,3.7735819816589355,4.359475612640381,4.715993881225586,16,0.025
7,1.7234386603037517,3.656379461288452,4.463367462158203,4.771682262420654,4.917149066925049,16,0.0125
7,1.3350872993469238,2.3846006393432617,3.3275439739227295,3.795497417449951,4.013724327087402,16,0.00625
7,1.1943961381912231,2.140101909637451,3.077125310897827,3.6167263984680176,3.8862030506134033,16,0.003125
7,1.1723255316416423,2.7765839099884033,3.624945878982544,4.096906661987305,4.439802646636963,16,0.0015625
7,-1.0,-1.0,-1.0,-1.0,-1.0,16,0.0001
7,1.3608282804489136,-1.0,-1.0,-1.0,-1.0,16,0.00001
7,-1.0,-1.0,-1.0,-1.0,-1.0,16,0.000001
7,-1.0,-1.0,-1.0,-1.0,-1.0,16,0.0000001
7,13.756810188293457,13.756808280944824,13.756776809692383,13.756786346435547,13.756649017333984,32,0.1
7,13.20206610361735,13.273462295532227,13.470970153808594,13.575969696044922,13.640420913696289,32,0.05
7,4.822390238444011,3.1364121437072754,3.8112761974334717,4.169619083404541,4.365436553955078,32,0.025
7,2.108998696009318,3.13812255859375,4.168839454650879,4.513346195220947,4.637295246124268,32,0.0125
7,1.2493460178375244,2.5360164642333984,3.3720335960388184,3.726652145385742,3.875,32,0.00625
7,1.2374838987986247,2.3160407543182373,3.0394139289855957,3.3754613399505615,3.537484884262085,32,0.003125
7,1.1954854726791382,2.552712917327881,3.304316282272339,3.5757064819335938,3.689962387084961,32,0.0015625
7,1.203198234240214,-1.0,-1.0,-1.0,-1.0,32,0.0001
7,1.3808960914611816,-1.0,-1.0,-1.0,-1.0,32,0.00001
7,2.105872948964437,-1.0,-1.0,-1.0,-1.0,32,0.000001
7,4.07184902826945,-1.0,-1.0,-1.0,-1.0,32,0.0000001
7,13.756810188293457,13.756789207458496,13.756773948669434,13.7566499710083,13.756221771240234,64,0.1
7,13.751276334126791,13.75092887878418,13.747097969055176,13.750142097473145,13.753012657165527,64,0.05
7,4.547825336456299,3.7859764099121094,4.357841968536377,4.617683410644531,4.772838592529297,64,0.025
7,1.43086842695872,2.1612370014190674,2.9490950107574463,3.4294326305389404,3.724050760269165,64,0.0125
7,1.2200250625610352,2.5389163494110107,3.3796863555908203,3.6700990200042725,3.77201247215271,64,0.00625
7,1.1912279923756917,2.421588897705078,3.149855375289917,3.4772355556488037,3.650794744491577,64,0.003125
7,1.132470726966858,2.1581037044525146,3.113375663757324,3.6813151836395264,4.00359582901001,64,0.0015625
7,1.2418169577916462,-1.0,-1.0,-1.0,-1.0,64,0.0001
7,1.405057470003764,-1.0,-1.0,-1.0,-1.0,64,0.00001
7,2.7412668069203696,-1.0,-1.0,-1.0,-1.0,64,0.000001
7,3.582518736521403,-1.0,-1.0,-1.0,-1.0,64,0.0000001
7,13.756810188293457,13.756808280944824,13.75672435760498,13.756509780883789,13.756382942199707,128,0.1
7,13.645970662434896,13.59000015258789,13.6097993850708,13.64097785949707,13.666648864746094,128,0.05
7,4.249188741048177,4.338297367095947,4.8472161293029785,5.081660270690918,5.164381504058838,128,0.025
7,1.434932788213094,3.9379093647003174,4.923223495483398,5.226393699645996,5.353635787963867,128,0.0125
7,1.249456564585368,2.3052566051483154,3.0721230506896973,3.396192789077759,3.5468411445617676,128,0.00625
7,1.1962205568949382,2.5463125705718994,3.394822597503662,3.7250237464904785,3.8695662021636963,128,0.003125
7,1.2088747024536133,2.8434925079345703,3.6479666233062744,3.8639488220214844,3.9242894649505615,128,0.0015625
7,1.186868667602539,-1.0,-1.0,-1.0,-1.0,128,0.0001
7,1.4534701903661091,-1.0,-1.0,-1.0,-1.0,128,0.00001
7,3.7371031443277993,-1.0,-1.0,-1.0,-1.0,128,0.000001
7,3.562973658243815,-1.0,-1.0,-1.0,-1.0,128,0.0000001
7,13.756810188293457,13.756808280944824,13.75648021697998,13.756118774414062,13.75568962097168,256,0.1
7,13.719202359517416,13.713584899902344,13.698250770568848,13.702629089355469,13.707710266113281,256,0.05
7,4.829101085662842,3.473619222640991,4.124448776245117,4.460033893585205,4.71225643157959,256,0.025
7,1.5824097792307537,2.57090425491333,3.4778285026550293,3.8262343406677246,3.969644546508789,256,0.0125
7,1.2873783111572266,2.593360424041748,3.3618242740631104,3.641733407974243,3.7510013580322266,256,0.00625
7,1.3556965589523315,2.415989875793457,3.2570431232452393,3.613894462585449,3.7642781734466553,256,0.003125
7,1.226340373357137,2.2669434547424316,3.0981862545013428,3.531832456588745,3.7691433429718018,256,0.0015625
7,1.3568092187245686,-1.0,-1.0,-1.0,-1.0,256,0.0001
7,2.004789153734843,-1.0,-1.0,-1.0,-1.0,256,0.00001
7,4.186045964558919,-1.0,-1.0,-1.0,-1.0,256,0.000001
7,3.554084857304891,-1.0,-1.0,-1.0,-1.0,256,0.0000001
7,13.756810188293457,13.756808280944824,13.756675720214844,13.756370544433594,13.755789756774902,512,0.1
7,13.756810188293457,13.756175994873047,13.753080368041992,13.751126289367676,13.75052547454834,512,0.05
7,7.869976043701172,8.253215789794922,9.6465482711792,10.882621765136719,11.713627815246582,512,0.025
7,1.2676244179407756,2.512547254562378,3.3696515560150146,3.7129886150360107,3.8637266159057617,512,0.0125
7,1.3412484327952068,2.3486523628234863,3.0375521183013916,3.325951337814331,3.46671462059021,512,0.00625
7,1.4168161153793335,2.215911865234375,3.0502376556396484,3.5233001708984375,3.823812484741211,512,0.003125
7,1.229868491490682,1.920040249824524,2.6218101978302,3.0542638301849365,3.3162074089050293,512,0.0015625
7,1.510612686475118,-1.0,-1.0,-1.0,-1.0,512,0.0001
7,1.8846899668375652,-1.0,-1.0,-1.0,-1.0,512,0.00001
7,3.6439234415690103,-1.0,-1.0,-1.0,-1.0,512,0.000001
7,3.5591150919596353,-1.0,-1.0,-1.0,-1.0,512,0.0000001
7,13.756810188293457,13.756808280944824,13.756779670715332,13.75672435760498,13.756579399108887,1024,0.1
7,13.749136288960775,13.747078895568848,13.73840618133545,13.73919677734375,13.74127197265625,1024,0.05
7,9.237993558247885,8.147790908813477,8.638067245483398,9.606786727905273,10.571067810058594,1024,0.025
7,1.3587580919265747,2.107635021209717,3.0522990226745605,3.629549980163574,3.960297107696533,1024,0.0125
7,1.3816523949305217,2.31242036819458,3.115943193435669,3.4584426879882812,3.6100096702575684,1024,0.00625
7,1.230373462041219,2.143683433532715,2.9548189640045166,3.353339433670044,3.5629398822784424,1024,0.003125
7,1.6159816980361938,2.021848678588867,2.804727077484131,3.318053960800171,3.6251745223999023,1024,0.0015625
7,1.6048158009847004,-1.0,-1.0,-1.0,-1.0,1024,0.0001
7,-1.0,-1.0,-1.0,-1.0,-1.0,1024,0.00001
7,3.571002960205078,-1.0,-1.0,-1.0,-1.0,1024,0.000001
7,3.5593208471934,-1.0,-1.0,-1.0,-1.0,1024,0.0000001
8,13.756807327270508,13.756674766540527,13.75381088256836,13.751073837280273,13.749539375305176,16,0.1
8,13.756807327270508,13.756181716918945,13.753226280212402,13.752706527709961,13.751667022705078,16,0.05
8,2.611660639444987,3.220329761505127,3.9315969944000244,4.214970111846924,4.363291263580322,16,0.025
8,1.7329975763956706,2.1295502185821533,2.824536085128784,3.358901023864746,3.7325408458709717,16,0.0125
8,1.3217399915059407,2.4263668060302734,3.458230495452881,3.9765493869781494,4.2201995849609375,16,0.00625
8,1.1893568833669026,3.2422280311584473,4.10010290145874,4.380490303039551,4.509360313415527,16,0.003125
8,1.1348771651585896,2.3778059482574463,3.076782464981079,3.423717737197876,3.610821008682251,16,0.0015625
8,-1.0,-1.0,-1.0,-1.0,-1.0,16,0.0001
8,1.3222908973693848,-1.0,-1.0,-1.0,-1.0,16,0.00001
8,-1.0,-1.0,-1.0,-1.0,-1.0,16,0.000001
8,-1.0,-1.0,-1.0,-1.0,-1.0,16,0.0000001
8,13.756810188293457,13.756808280944824,13.756808280944824,13.75675106048584,13.756658554077148,32,0.1
8,9.946719964345297,5.372662544250488,5.638442516326904,5.7128071784973145,5.744549751281738,32,0.05
8,4.978298664093018,3.3189191818237305,4.141218662261963,4.6431684494018555,4.950419902801514,32,0.025
8,1.5876023769378662,3.705853223800659,4.407259464263916,4.585970878601074,4.644030570983887,32,0.0125
8,1.4121618668238323,3.4067325592041016,4.08758020401001,4.25372838973999,4.301102638244629,32,0.00625
8,1.1365737517674763,2.868962049484253,3.4841785430908203,3.6721646785736084,3.748055934906006,32,0.003125
8,1.12701682249705,2.892939567565918,3.398102045059204,3.557063341140747,3.6275808811187744,32,0.0015625
8,1.1501231988271077,-1.0,-1.0,-1.0,-1.0,32,0.0001
8,1.4634157419204712,-1.0,-1.0,-1.0,-1.0,32,0.00001
8,2.132506847381592,-1.0,-1.0,-1.0,-1.0,32,0.000001
8,4.307747840881348,-1.0,-1.0,-1.0,-1.0,32,0.0000001
8,13.756810188293457,13.756808280944824,13.756808280944824,13.756757736206055,13.7567720413208,64,0.1
8,13.639315923055014,13.571616172790527,13.601289749145508,13.633415222167969,13.663357734680176,64,0.05
8,3.078151067097982,4.79231071472168,5.328858375549316,5.56074857711792,5.68814754486084,64,0.025
8,1.4815006653467815,2.0533699989318848,2.774235963821411,3.2379043102264404,3.5237369537353516,64,0.0125
8,1.2244131962458293,3.248300790786743,3.751281261444092,3.894881010055542,3.964538812637329,64,0.00625
8,1.1848726272583008,2.8019893169403076,3.4958224296569824,3.756530523300171,3.888030529022217,64,0.003125
8,1.127974510192871,2.6848666667938232,3.474686622619629,3.7934863567352295,3.9310221672058105,64,0.0015625
8,1.155903975168864,-1.0,-1.0,-1.0,-1.0,64,0.0001
8,1.547620375951131,-1.0,-1.0,-1.0,-1.0,64,0.00001
8,2.8896193504333496,-1.0,-1.0,-1.0,-1.0,64,0.000001
8,3.593763828277588,-1.0,-1.0,-1.0,-1.0,64,0.0000001
8,13.756810188293457,13.756808280944824,13.756808280944824,13.756780624389648,13.75674057006836,128,0.1
8,13.407410303751627,13.145453453063965,13.348739624023438,13.476350784301758,13.548240661621094,128,0.05
8,5.113621314366658,4.3029680252075195,4.37817907333374,4.427096366882324,4.485145092010498,128,0.025
8,1.4394856691360474,2.747295618057251,3.551058769226074,3.852687358856201,3.9723269939422607,128,0.0125
8,1.2221719026565552,3.2475879192352295,3.6995062828063965,3.8309690952301025,3.891972780227661,128,0.00625
8,1.2523487408955891,3.3468523025512695,3.8356776237487793,3.9350128173828125,3.977668046951294,128,0.003125
8,1.1387359301249187,2.7842822074890137,3.359149217605591,3.575148582458496,3.676661729812622,128,0.0015625
8,1.3367632230122883,-1.0,-1.0,-1.0,-1.0,128,0.0001
8,1.4886154333750408,-1.0,-1.0,-1.0,-1.0,128,0.00001
8,3.198875586191813,-1.0,-1.0,-1.0,-1.0,128,0.000001
8,3.562426964441935,-1.0,-1.0,-1.0,-1.0,128,0.0000001
8,13.756810188293457,13.756808280944824,13.756808280944824,13.756786346435547,13.756768226623535,256,0.1
8,13.73690128326416,13.728543281555176,13.71396255493164,13.713472366333008,13.718404769897461,256,0.05
8,5.057904163996379,4.1317243576049805,4.5126142501831055,4.688523769378662,4.789214134216309,256,0.025
8,1.2939093112945557,2.9121556282043457,3.842736005783081,4.213347911834717,4.38693904876709,256,0.0125
8,1.2459217707316081,2.705209493637085,3.3250794410705566,3.575411796569824,3.6892504692077637,256,0.00625
8,1.226942737897237,2.7948672771453857,3.507911205291748,3.8054018020629883,3.9552791118621826,256,0.003125
8,1.2876205444335938,2.5334560871124268,3.3091394901275635,3.6837408542633057,3.8865480422973633,256,0.0015625
8,1.8247257471084595,-1.0,-1.0,-1.0,-1.0,256,0.0001
8,1.5590081612269084,-1.0,-1.0,-1.0,-1.0,256,0.00001
8,4.384079138437907,-1.0,-1.0,-1.0,-1.0,256,0.000001
8,3.558523178100586,-1.0,-1.0,-1.0,-1.0,256,0.0000001
8,13.756810188293457,13.756808280944824,13.756808280944824,13.756808280944824,13.756776809692383,512,0.1
8,13.378607749938965,13.33462905883789,13.451555252075195,13.530645370483398,13.58094310760498,512,0.05
8,7.417604764302571,6.502586841583252,7.381387233734131,8.837778091430664,10.174637794494629,512,0.025
8,1.3541473150253296,3.2646102905273438,3.8504300117492676,4.010324954986572,4.056069850921631,512,0.0125
8,1.3254512548446655,2.723587989807129,3.5127601623535156,3.7743542194366455,3.872215986251831,512,0.00625
8,1.443173925081889,2.421017646789551,3.125507354736328,3.4427058696746826,3.5997071266174316,512,0.003125
8,1.3876736958821614,2.2024905681610107,2.896294116973877,3.254671335220337,3.44720458984375,512,0.0015625
8,1.396160880724589,-1.0,-1.0,-1.0,-1.0,512,0.0001
8,1.8815929094950359,-1.0,-1.0,-1.0,-1.0,512,0.00001
8,3.6611411571502686,-1.0,-1.0,-1.0,-1.0,512,0.000001
8,3.5554943084716797,-1.0,-1.0,-1.0,-1.0,512,0.0000001
8,13.756810188293457,13.756765365600586,13.755900382995605,13.75430965423584,13.75300121307373,1024,0.1
8,13.751289367675781,13.750065803527832,13.739126205444336,13.736458778381348,13.7374906539917,1024,0.05
8,7.79166825612386,7.90354061126709,8.942764282226562,10.240803718566895,11.240018844604492,1024,0.025
8,1.3631781737009685,3.092334747314453,3.8303091526031494,4.005024433135986,4.04518985748291,1024,0.0125
8,1.3356948693593342,2.3383803367614746,3.040860891342163,3.3489887714385986,3.493560552597046,1024,0.00625
8,1.721743901570638,2.261059045791626,3.0518643856048584,3.5038182735443115,3.7558867931365967,1024,0.003125
8,1.4007587035497029,2.3973422050476074,3.2526233196258545,3.6876440048217773,3.9349632263183594,1024,0.0015625
8,1.7623131275177002,-1.0,-1.0,-1.0,-1.0,1024,0.0001
8,-1.0,-1.0,-1.0,-1.0,-1.0,1024,0.00001
8,3.5715459187825522,-1.0,-1.0,-1.0,-1.0,1024,0.000001
8,3.557981252670288,-1.0,-1.0,-1.0,-1.0,1024,0.0000001
9,13.756807327270508,13.756808280944824,13.756808280944824,13.756808280944824,13.756789207458496,16,0.1
9,8.579968214035034,3.982759475708008,4.0239081382751465,4.051665306091309,4.0701422691345215,16,0.05
9,3.30351456006368,2.9799883365631104,3.706514358520508,4.087789535522461,4.288427829742432,16,0.025
9,1.6431076526641846,2.1386187076568604,3.067335367202759,3.7049641609191895,4.076648235321045,16,0.0125
9,1.2699809869130452,4.745951175689697,4.930173873901367,4.943191051483154,4.941804885864258,16,0.00625
9,1.1805824836095173,2.5870859622955322,3.460630416870117,3.7925212383270264,3.9100544452667236,16,0.003125
9,1.1662050088246663,3.146085739135742,3.955458164215088,4.263225078582764,4.400435924530029,16,0.0015625
9,-1.0,-1.0,-1.0,-1.0,-1.0,16,0.0001
9,1.3563424746195476,-1.0,-1.0,-1.0,-1.0,16,0.00001
9,-1.0,-1.0,-1.0,-1.0,-1.0,16,0.000001
9,-1.0,-1.0,-1.0,-1.0,-1.0,16,0.0000001
9,13.756810188293457,13.756808280944824,13.756754875183105,13.756590843200684,13.75654411315918,32,0.1
9,13.258840560913086,12.94184684753418,13.199102401733398,13.349674224853516,13.454514503479004,32,0.05
9,5.838493824005127,4.482112884521484,5.398704528808594,5.781398296356201,5.958101749420166,32,0.025
9,1.454197923342387,1.9854357242584229,2.736297607421875,3.2867202758789062,3.6704070568084717,32,0.0125
9,1.2751853863398235,2.7668957710266113,3.5255608558654785,3.8493993282318115,4.00248908996582,32,0.00625
9,1.1800036430358887,3.3596818447113037,3.6846675872802734,3.7449147701263428,3.7618143558502197,32,0.003125
9,1.1141450802485149,2.9307329654693604,3.4583933353424072,3.635915756225586,3.713880777359009,32,0.0015625
9,1.2082307736078899,-1.0,-1.0,-1.0,-1.0,32,0.0001
9,1.379236102104187,-1.0,-1.0,-1.0,-1.0,32,0.00001
9,2.239260117212931,-1.0,-1.0,-1.0,-1.0,32,0.000001
9,4.210244814554851,-1.0,-1.0,-1.0,-1.0,32,0.0000001
9,13.756810188293457,13.756808280944824,13.756749153137207,13.756492614746094,13.756454467773438,64,0.1
9,13.750262260437012,13.74769115447998,13.736726760864258,13.732796669006348,13.734916687011719,64,0.05
9,2.4332969586054483,4.999899387359619,5.125391483306885,5.149247646331787,5.146804332733154,64,0.025
9,1.3830795288085938,3.48620867729187,4.041330337524414,4.196183204650879,4.246579170227051,64,0.0125
9,1.3236615657806396,3.207119941711426,3.6529629230499268,3.7719995975494385,3.8199844360351562,64,0.00625
9,1.2847765286763508,3.845043659210205,4.161289691925049,4.244753837585449,4.2842278480529785,64,0.003125
9,1.1438584327697754,2.378607988357544,2.996462345123291,3.292100667953491,3.451812982559204,64,0.0015625
9,1.2210988998413086,-1.0,-1.0,-1.0,-1.0,64,0.0001
9,1.547493815422058,-1.0,-1.0,-1.0,-1.0,64,0.00001
9,2.8333609898885093,-1.0,-1.0,-1.0,-1.0,64,0.000001
9,3.588559548060099,-1.0,-1.0,-1.0,-1.0,64,0.0000001
9,13.756810188293457,13.756808280944824,13.756773948669434,13.756671905517578,13.756468772888184,128,0.1
9,13.749924341837565,13.747876167297363,13.738452911376953,13.736766815185547,13.738958358764648,128,0.05
9,3.0216546853383384,3.5091400146484375,4.036520481109619,4.272576808929443,4.400291919708252,128,0.025
9,1.4668514331181843,3.4414565563201904,3.875319480895996,3.985422372817993,4.023285388946533,128,0.0125
9,1.2251257101694744,3.0640358924865723,3.655820846557617,3.8427364826202393,3.925664186477661,128,0.00625
9,1.1553938786188762,3.11384654045105,3.533337354660034,3.6494102478027344,3.6887292861938477,128,0.003125
9,1.145585020383199,2.644254684448242,3.5752193927764893,4.129909515380859,4.516203880310059,128,0.0015625
9,1.4216856161753337,-1.0,-1.0,-1.0,-1.0,128,0.0001
9,1.4606929222742717,-1.0,-1.0,-1.0,-1.0,128,0.00001
9,3.380852699279785,-1.0,-1.0,-1.0,-1.0,128,0.000001
9,3.561762889226278,-1.0,-1.0,-1.0,-1.0,128,0.0000001
9,13.756810188293457,13.756227493286133,13.754347801208496,13.754108428955078,13.754681587219238,256,0.1
9,13.683523178100586,13.642435073852539,13.63852596282959,13.658716201782227,13.675061225891113,256,0.05
9,8.444389820098877,8.004022598266602,8.136297225952148,8.601879119873047,9.341306686401367,256,0.025
9,1.2515161434809368,3.8140857219696045,4.203797340393066,4.280862331390381,4.303454399108887,256,0.0125
9,1.3609352111816406,2.7834813594818115,3.401796817779541,3.6331191062927246,3.739457368850708,256,0.00625
9,1.291239619255066,3.043733596801758,3.5178756713867188,3.6296722888946533,3.664156436920166,256,0.003125
9,1.1817245483398438,3.15981388092041,3.7286019325256348,3.9288833141326904,4.022416591644287,256,0.0015625
9,1.2440787553787231,-1.0,-1.0,-1.0,-1.0,256,0.0001
9,1.557644287745158,-1.0,-1.0,-1.0,-1.0,256,0.00001
9,4.299956639607747,-1.0,-1.0,-1.0,-1.0,256,0.000001
9,3.5622684160868325,-1.0,-1.0,-1.0,-1.0,256,0.0000001
9,11.82949940363566,7.979475498199463,8.485711097717285,9.910877227783203,11.244406700134277,512,0.1
9,13.199803670247396,12.783549308776855,13.111313819885254,13.298853874206543,13.416898727416992,512,0.05
9,8.141069730122885,8.070175170898438,8.517532348632812,9.437586784362793,10.396206855773926,512,0.025
9,1.3407781918843586,3.1390881538391113,3.775163412094116,3.9467265605926514,4.009394645690918,512,0.0125
9,1.256491740544637,3.1405177116394043,3.5819308757781982,3.7154288291931152,3.773730993270874,512,0.00625
9,1.2058113813400269,2.9361562728881836,3.890291690826416,4.239758491516113,4.382172584533691,512,0.003125
9,1.4557750622431438,2.308263063430786,3.0995161533355713,3.497264862060547,3.6997900009155273,512,0.0015625
9,1.4065155188242595,-1.0,-1.0,-1.0,-1.0,512,0.0001
9,1.9616507291793823,-1.0,-1.0,-1.0,-1.0,512,0.00001
9,3.599217732747396,-1.0,-1.0,-1.0,-1.0,512,0.000001
9,3.556298812230428,-1.0,-1.0,-1.0,-1.0,512,0.0000001
9,13.756810188293457,13.756808280944824,13.756808280944824,13.756808280944824,13.756808280944824,1024,0.1
9,13.721142133076986,13.69019889831543,13.672877311706543,13.68406867980957,13.698029518127441,1024,0.05
9,7.675706545511882,8.25253963470459,9.962580680847168,11.277694702148438,12.091063499450684,1024,0.025
9,1.3921682834625244,3.9537436962127686,4.196383953094482,4.213851451873779,4.204164981842041,1024,0.0125
9,1.238191286722819,2.8308169841766357,3.504106283187866,3.7854490280151367,3.920677661895752,1024,0.00625
9,1.4096417427062988,2.2942588329315186,3.0190818309783936,3.417961835861206,3.6487977504730225,1024,0.003125
9,1.3868520657221477,2.9497625827789307,4.086325168609619,4.700891494750977,5.076624870300293,1024,0.0015625
9,1.6502082347869873,-1.0,-1.0,-1.0,-1.0,1024,0.0001
9,-1.0,-1.0,-1.0,-1.0,-1.0,1024,0.00001
9,3.563911279042562,-1.0,-1.0,-1.0,-1.0,1024,0.000001
9,3.5555415948232016,-1.0,-1.0,-1.0,-1.0,1024,0.0000001
10,13.756807327270508,13.756808280944824,13.756808280944824,13.756808280944824,13.756808280944824,16,0.1
10,12.651052792867025,11.803064346313477,12.729637145996094,13.170015335083008,13.394522666931152,16,0.05
10,8.442576805750528,4.771299839019775,4.9079155921936035,4.961508750915527,4.99313497543335,16,0.025
10,1.6641966899236043,4.4793243408203125,4.930587291717529,4.993562698364258,4.992308616638184,16,0.0125
10,1.3696881135304768,1.93081796169281,2.5784335136413574,3.0006754398345947,3.2852649688720703,16,0.00625
10,1.2413100401560466,4.027102470397949,4.451152324676514,4.561412811279297,4.603122711181641,16,0.003125
10,1.1329199870427449,2.9485957622528076,3.529240846633911,3.7193942070007324,3.802417516708374,16,0.0015625
10,-1.0,-1.0,-1.0,-1.0,-1.0,16,0.0001
10,1.3669088284174602,-1.0,-1.0,-1.0,-1.0,16,0.00001
10,-1.0,-1.0,-1.0,-1.0,-1.0,16,0.000001
10,-1.0,-1.0,-1.0,-1.0,-1.0,16,0.0000001
10,13.756810188293457,13.756808280944824,13.756808280944824,13.756791114807129,13.7567720413208,32,0.1
10,13.75130844116211,13.755057334899902,13.752060890197754,13.751477241516113,13.752069473266602,32,0.05
10,3.911896546681722,3.7616512775421143,3.927839756011963,3.9985954761505127,4.044031143188477,32,0.025
10,1.46183443069458,2.0481743812561035,2.800398826599121,3.285823106765747,3.5973777770996094,32,0.0125
10,1.304677963256836,2.1819241046905518,2.939959764480591,3.320298433303833,3.516042947769165,32,0.00625
10,1.1046432256698608,3.29551362991333,3.608165740966797,3.6277377605438232,3.6250133514404297,32,0.003125
10,1.1627522706985474,3.5282399654388428,3.7648231983184814,3.8147075176239014,3.8542513847351074,32,0.0015625
10,1.1552988688151042,-1.0,-1.0,-1.0,-1.0,32,0.0001
10,1.3788215319315593,-1.0,-1.0,-1.0,-1.0,32,0.00001
10,2.0602877934773765,-1.0,-1.0,-1.0,-1.0,32,0.000001
10,4.047504186630249,-1.0,-1.0,-1.0,-1.0,32,0.0000001
10,13.756810188293457,13.756808280944824,13.756808280944824,13.75678825378418,13.756697654724121,64,0.1
10,13.404490152994791,13.18623161315918,13.375572204589844,13.48892593383789,13.563475608825684,64,0.05
10,2.466882308324178,5.339843273162842,5.403213024139404,5.357526779174805,5.31149435043335,64,0.025
10,1.3373315731684368,2.1838903427124023,3.0579826831817627,3.590005397796631,3.9179847240448,64,0.0125
10,1.205156644185384,2.9405932426452637,3.594589948654175,3.842989921569824,3.9597878456115723,64,0.00625
10,1.140220085779826,3.378600835800171,3.77417254447937,3.893622398376465,3.9459142684936523,64,0.003125
10,1.126236081123352,2.9399328231811523,3.5995326042175293,3.8335835933685303,3.948925256729126,64,0.0015625
10,1.1716843843460083,-1.0,-1.0,-1.0,-1.0,64,0.0001
10,1.4170980056126912,-1.0,-1.0,-1.0,-1.0,64,0.00001
10,2.873638868331909,-1.0,-1.0,-1.0,-1.0,64,0.000001
10,3.5753630002339682,-1.0,-1.0,-1.0,-1.0,64,0.0000001
10,13.756810188293457,13.756808280944824,13.756793975830078,13.756808280944824,13.7567777633667,128,0.1
10,13.740691502888998,13.748005867004395,13.73880386352539,13.73619556427002,13.73851203918457,128,0.05
10,4.5185268719991045,3.905149459838867,4.371853828430176,4.530035495758057,4.61018180847168,128,0.025
10,1.3462660710016887,3.910734176635742,4.16672420501709,4.209557056427002,4.219379425048828,128,0.0125
10,1.3046429951985676,3.6536777019500732,3.85262131690979,3.8936429023742676,3.90547251701355,128,0.00625
10,1.1845239003499348,3.549184799194336,3.9311399459838867,4.023068428039551,4.057956695556641,128,0.003125
10,1.1375094652175903,2.975403070449829,3.702165365219116,4.0369367599487305,4.234502792358398,128,0.0015625
10,1.3727445999781291,-1.0,-1.0,-1.0,-1.0,128,0.0001
10,1.563008228937785,-1.0,-1.0,-1.0,-1.0,128,0.00001
10,3.429041306177775,-1.0,-1.0,-1.0,-1.0,128,0.000001
10,3.555237372716268,-1.0,-1.0,-1.0,-1.0,128,0.0000001
10,12.073185920715332,13.095281600952148,13.723071098327637,13.752973556518555,13.755922317504883,256,0.1
10,13.570504506429037,13.556050300598145,13.592525482177734,13.623958587646484,13.651449203491211,256,0.05
10,7.432559013366699,6.568802356719971,6.568802356719971,6.568802356719971,6.568802356719971,256,0.025
10,1.2910129626592,3.9279136657714844,4.142642498016357,4.21480655670166,4.249817848205566,256,0.0125
10,1.1998576720555623,4.432523727416992,4.674571990966797,4.628115177154541,4.589212894439697,256,0.00625
10,1.2063161134719849,3.169584035873413,3.654392719268799,3.840590000152588,3.9341490268707275,256,0.003125
10,1.1835861206054688,2.5371553897857666,3.4524590969085693,3.8228189945220947,3.9812428951263428,256,0.0015625
10,1.207681139310201,-1.0,-1.0,-1.0,-1.0,256,0.0001
10,1.6605316400527954,-1.0,-1.0,-1.0,-1.0,256,0.00001
10,4.354244709014893,-1.0,-1.0,-1.0,-1.0,256,0.000001
10,3.5571468671162925,-1.0,-1.0,-1.0,-1.0,256,0.0000001
10,13.756810188293457,13.756808280944824,13.756808280944824,13.756808280944824,13.756808280944824,512,0.1
10,13.739164034525553,13.735796928405762,13.726720809936523,13.729294776916504,13.733148574829102,512,0.05
10,7.620103677113851,7.571741580963135,8.66403865814209,10.021268844604492,11.096794128417969,512,0.025
10,1.363626758257548,2.907120943069458,3.582040786743164,3.7969284057617188,3.8837499618530273,512,0.0125
10,1.3649680217107136,2.841247320175171,3.512261152267456,3.779383420944214,3.901198625564575,512,0.00625
10,1.2437326510747273,2.9405105113983154,3.585453987121582,3.844691514968872,4.0033745765686035,512,0.003125
10,1.50594429175059,2.421461343765259,3.2696263790130615,3.6906628608703613,3.907515048980713,512,0.0015625
10,1.4477147261301677,-1.0,-1.0,-1.0,-1.0,512,0.0001
10,2.27149498462677,-1.0,-1.0,-1.0,-1.0,512,0.00001
10,3.649860223134359,-1.0,-1.0,-1.0,-1.0,512,0.000001
10,3.5547693570454917,-1.0,-1.0,-1.0,-1.0,512,0.0000001
10,13.756810188293457,13.756808280944824,13.756791114807129,13.75660228729248,13.756393432617188,1024,0.1
10,13.74736754099528,13.740110397338867,13.728375434875488,13.73072338104248,13.734167098999023,1024,0.05
10,6.026614189147949,5.158781051635742,5.377085208892822,5.412367343902588,5.4163665771484375,1024,0.025
10,1.4149257342020671,3.1647555828094482,3.8610899448394775,4.083265781402588,4.175717830657959,1024,0.0125
10,1.5936115980148315,2.941289186477661,3.612776756286621,3.8602824211120605,3.9692740440368652,1024,0.00625
10,1.3094278573989868,2.2409889698028564,3.0769827365875244,3.5209386348724365,3.7639169692993164,1024,0.003125
10,1.5081867774327595,2.5729947090148926,3.497260808944702,3.9814767837524414,4.238693714141846,1024,0.0015625
10,1.5771875778834026,-1.0,-1.0,-1.0,-1.0,1024,0.0001
10,-1.0,-1.0,-1.0,-1.0,-1.0,1024,0.00001
10,3.568500598271688,-1.0,-1.0,-1.0,-1.0,1024,0.000001
10,3.5580368041992188,-1.0,-1.0,-1.0,-1.0,1024,0.0000001
11,13.756807327270508,13.756808280944824,13.756351470947266,13.755765914916992,13.754404067993164,16,0.1
11,11.818460464477539,7.9710373878479,7.966605186462402,7.931492328643799,7.8445820808410645,16,0.05
11,4.6595860322316485,4.695127010345459,4.7744550704956055,4.781780242919922,4.7803730964660645,16,0.025
11,1.7637726068496704,4.804872512817383,4.9626545906066895,4.930593013763428,4.902815341949463,16,0.0125
11,1.2457093397776287,2.7308602333068848,3.7107582092285156,4.109017372131348,4.272088050842285,16,0.00625
11,1.2221758762995403,3.1254024505615234,3.824718475341797,4.101072788238525,4.235276699066162,16,0.003125
11,1.12097163995107,3.225033760070801,3.68826961517334,3.8041844367980957,3.8457469940185547,16,0.0015625
11,-1.0,-1.0,-1.0,-1.0,-1.0,16,0.0001
11,1.3344804445902507,-1.0,-1.0,-1.0,-1.0,16,0.00001
11,-1.0,-1.0,-1.0,-1.0,-1.0,16,0.000001
11,-1.0,-1.0,-1.0,-1.0,-1.0,16,0.0000001
11,13.756810188293457,13.756808280944824,13.756808280944824,13.756808280944824,13.756808280944824,32,0.1
11,13.468757311503092,13.299951553344727,13.45953369140625,13.55812931060791,13.60984992980957,32,0.05
11,4.124494473139445,5.292688846588135,5.668601036071777,5.857959270477295,5.9618611335754395,32,0.025
11,1.5243677695592244,2.7763476371765137,3.3598849773406982,3.6649210453033447,3.8503661155700684,32,0.0125
11,1.2192736864089966,4.122745513916016,4.173788547515869,4.166851997375488,4.158120155334473,32,0.00625
11,1.1791995366414387,3.671782970428467,4.076867580413818,4.219849586486816,4.290334224700928,32,0.003125
11,1.1531444787979126,3.3989484310150146,3.6758737564086914,3.7457752227783203,3.774075984954834,32,0.0015625
11,1.157138705253601,-1.0,-1.0,-1.0,-1.0,32,0.0001
11,1.5449047485987346,-1.0,-1.0,-1.0,-1.0,32,0.00001
11,2.1357735792795816,-1.0,-1.0,-1.0,-1.0,32,0.000001
11,3.8941842714945474,-1.0,-1.0,-1.0,-1.0,32,0.0000001
11,13.756810188293457,13.756808280944824,13.756786346435547,13.756730079650879,13.756631851196289,64,0.1
11,13.749186833699545,13.73611831665039,13.719286918640137,13.718913078308105,13.720746040344238,64,0.05
11,4.066925088564555,5.615062713623047,5.924444198608398,6.163210391998291,6.343042373657227,64,0.025
11,1.3107541799545288,4.177445888519287,4.240324974060059,4.242217540740967,4.240911960601807,64,0.0125
11,1.1329230864842732,3.5227396488189697,3.9433016777038574,4.026758193969727,4.0394439697265625,64,0.00625
11,1.1231611569722493,3.7580254077911377,3.925177812576294,3.953397512435913,3.9569013118743896,64,0.003125
11,1.1276167233784993,3.419862985610962,3.8194210529327393,3.957435131072998,4.023775577545166,64,0.0015625
11,1.1912839810053508,-1.0,-1.0,-1.0,-1.0,64,0.0001
11,1.434924840927124,-1.0,-1.0,-1.0,-1.0,64,0.00001
11,2.706474701563517,-1.0,-1.0,-1.0,-1.0,64,0.000001
11,3.587549845377604,-1.0,-1.0,-1.0,-1.0,64,0.0000001
11,13.756810188293457,13.756808280944824,13.756742477416992,13.756704330444336,13.756720542907715,128,0.1
11,13.614957809448242,13.490837097167969,13.523844718933105,13.56828498840332,13.609121322631836,128,0.05
11,6.422044674555461,3.9801595211029053,4.537417411804199,4.70646333694458,4.766299724578857,128,0.025
11,1.45811661084493,4.430985450744629,4.429869651794434,4.413301467895508,4.403160095214844,128,0.0125
11,1.248160441716512,3.9250857830047607,4.279475688934326,4.3620381355285645,4.387380123138428,128,0.00625
11,1.1442242066065471,3.125654458999634,3.51495623588562,3.648925542831421,3.708033800125122,128,0.003125
11,1.3039500713348389,3.5752267837524414,4.137024402618408,4.325852394104004,4.414809226989746,128,0.0015625
11,1.3630972305933635,-1.0,-1.0,-1.0,-1.0,128,0.0001
11,1.484979470570882,-1.0,-1.0,-1.0,-1.0,128,0.00001
11,3.2042972246805825,-1.0,-1.0,-1.0,-1.0,128,0.000001
11,3.5597265561421714,-1.0,-1.0,-1.0,-1.0,128,0.0000001
11,13.756810188293457,13.756808280944824,13.756624221801758,13.756400108337402,13.755786895751953,256,0.1
11,13.752655029296875,13.745019912719727,13.730292320251465,13.72864055633545,13.732051849365234,256,0.05
11,8.305821736653646,7.8368682861328125,9.3962984085083,10.888710021972656,11.88830852508545,256,0.025
11,1.3663277626037598,4.810633182525635,4.891942977905273,4.886894702911377,4.8817548751831055,256,0.0125
11,1.2565160989761353,3.7159578800201416,4.088869094848633,4.168674945831299,4.19394588470459,256,0.00625
11,1.225168506304423,3.131537675857544,3.5401220321655273,3.6676082611083984,3.717409610748291,256,0.003125
11,1.2662525177001953,2.713240385055542,3.3630635738372803,3.670269012451172,3.8367104530334473,256,0.0015625
11,1.478615442911784,-1.0,-1.0,-1.0,-1.0,256,0.0001
11,1.5989614327748616,-1.0,-1.0,-1.0,-1.0,256,0.00001
11,4.431390762329102,-1.0,-1.0,-1.0,-1.0,256,0.000001
11,3.557966470718384,-1.0,-1.0,-1.0,-1.0,256,0.0000001
11,13.756810188293457,13.756808280944824,13.756726264953613,13.756425857543945,13.755977630615234,512,0.1
11,12.809946060180664,12.877750396728516,13.304213523864746,13.509378433227539,13.612934112548828,512,0.05
11,8.361811319986979,7.989112377166748,8.12226390838623,8.66085433959961,9.533642768859863,512,0.025
11,1.3468137582143147,3.216984510421753,3.6166625022888184,3.7217342853546143,3.7598836421966553,512,0.0125
11,1.2846142848332722,3.3659303188323975,3.816923141479492,3.931025505065918,3.979069232940674,512,0.00625
11,1.3217486540476482,2.6825625896453857,3.382364273071289,3.6829330921173096,3.8295042514801025,512,0.003125
11,1.3571661313374836,2.975440263748169,3.896044969558716,4.288148880004883,4.4833807945251465,512,0.0015625
11,1.340601921081543,-1.0,-1.0,-1.0,-1.0,512,0.0001
11,2.049226721127828,-1.0,-1.0,-1.0,-1.0,512,0.00001
11,3.598196824391683,-1.0,-1.0,-1.0,-1.0,512,0.000001
11,3.55236546198527,-1.0,-1.0,-1.0,-1.0,512,0.0000001
11,13.756810188293457,13.756808280944824,13.756808280944824,13.756808280944824,13.75678825378418,1024,0.1
11,13.617122014363607,13.621253967285156,13.639391899108887,13.664414405822754,13.683749198913574,1024,0.05
11,8.621810754140219,8.035985946655273,8.210821151733398,8.773082733154297,9.599282264709473,1024,0.025
11,1.2837340037027996,3.503737211227417,4.102802276611328,4.220404148101807,4.2428388595581055,1024,0.0125
11,1.497074007987976,2.3664135932922363,3.110046625137329,3.445331573486328,3.604952096939087,1024,0.00625
11,1.29542072614034,3.5941367149353027,4.387462139129639,4.654079437255859,4.762509346008301,1024,0.003125
11,1.6039106051127117,2.505075454711914,3.344217538833618,3.8977246284484863,4.266409873962402,1024,0.0015625
11,2.005919416745504,-1.0,-1.0,-1.0,-1.0,1024,0.0001
11,-1.0,-1.0,-1.0,-1.0,-1.0,1024,0.00001
11,3.5619537830352783,-1.0,-1.0,-1.0,-1.0,1024,0.000001
11,3.5572762489318848,-1.0,-1.0,-1.0,-1.0,1024,0.0000001
