precision,avg_cka,emd,noise_emd,batch_size,learning_rate,loss
2,0.9976618885993958,13.756807327270508,-1.0,16,0.1,-107.26912848461338
2,0.997025728225708,13.756807327270508,-1.0,16,0.05,-107.26912848461338
2,0.9705422520637512,7.678293704986572,-1.0,16,0.025,-113.02372686461007
2,0.9928758144378662,3.5532188415527344,-1.0,16,0.0125,-128.14349592841307
2,0.6477128267288208,3.189356724421183,-1.0,16,0.00625,-131.35428509275593
2,0.6336853504180908,3.0947959423065186,-1.0,16,0.003125,-132.31230810179719
2,0.5789320468902588,2.7687958081563315,-1.0,16,0.0015625,-136.11678394824912
2,0.9983909130096436,13.756810188293457,-1.0,32,0.1,-107.26912697284261
2,0.9978275299072266,13.756810188293457,-1.0,32,0.05,-107.26912697284261
2,0.9651851654052734,8.856017112731934,3.5532052516937256,32,0.025,-59.87806700841366
2,0.9480579495429993,3.5498488744099936,-1.0,32,0.0125,-128.1702133070723
2,0.6875343322753906,3.207635283470154,-1.0,32,0.00625,-131.17561417138916
2,0.4424896240234375,2.891343673070272,-1.0,32,0.003125,-134.58599575394356
2,0.5706584453582764,2.894218842188517,-1.0,32,0.0015625,-134.55163740292116
2,0.9988424777984619,13.756810188293457,-1.0,64,0.1,-107.26912697284261
2,0.9988573789596558,13.756810188293457,-1.0,64,0.05,-107.26912697284261
2,0.9985127449035645,9.915040651957193,-1.0,64,0.025,-110.08568734211495
2,0.4850538969039917,3.4843674500783286,-1.0,64,0.0125,-128.69961375564796
2,0.7597266435623169,3.457327047983805,-1.0,64,0.00625,-128.92407880773575
2,0.5021934509277344,3.0488696893056235,-1.0,64,0.003125,-132.79904036265154
2,0.5948779582977295,2.925020376841227,-1.0,64,0.0015625,-134.18779602075506
2,0.9992620348930359,13.756810188293457,-1.0,128,0.1,-107.26912697284261
2,0.9992046356201172,13.756810188293457,-1.0,128,0.05,-107.26912697284261
2,0.9990317821502686,8.545428911844889,7.97552490234375,128,0.025,-6.669109478064819
2,0.9814541339874268,3.5085031191507974,-1.0,128,0.0125,-128.50218358198413
2,0.7149183750152588,3.110898733139038,-1.0,128,0.00625,-132.14505150384483
2,0.47822463512420654,3.047548691431681,-1.0,128,0.003125,-132.8132575145245
2,0.6190977096557617,2.7152910232543945,-1.0,128,0.0015625,-136.82846484725812
2,0.9995541572570801,13.756810188293457,-1.0,256,0.1,-107.26912697284261
2,0.9993524551391602,13.756810188293457,-1.0,256,0.05,-107.26912697284261
2,0.9995965957641602,11.367493311564127,-1.0,256,0.025,-108.79701419294175
2,0.994718074798584,4.645766894022624,-1.0,256,0.0125,-121.52497150226434
2,0.6021931171417236,3.2621193726857505,-1.0,256,0.00625,-130.65491742494652
2,0.7020695209503174,3.1406570275624595,-1.0,256,0.003125,-131.84047131616038
2,0.6804081201553345,2.9408181508382163,-1.0,256,0.0015625,-134.00414268100772
2,0.9996628761291504,13.756810188293457,-1.0,512,0.1,-107.26912697284261
2,0.999208927154541,13.756810188293457,-1.0,512,0.05,-107.26912697284261
2,0.9995994567871094,11.085002581278482,-1.0,512,0.025,-109.02119771887924
2,0.6473126411437988,3.4247280756632485,-1.0,512,0.0125,-129.19939854805364
2,0.7537099123001099,3.2658492724100747,-1.0,512,0.00625,-130.61990669465396
2,0.6844775676727295,3.0752241611480713,-1.0,512,0.003125,-132.51795471152485
2,0.8808913230895996,3.0916452407836914,-1.0,512,0.0015625,-132.345237636208
2,0.9998180866241455,13.756810188293457,-1.0,1024,0.1,-107.26912697284261
2,0.9996185898780823,13.756810188293457,-1.0,1024,0.05,-107.26912697284261
2,0.9998560547828674,11.303340276082357,-1.0,1024,0.025,-108.8469423690268
2,0.9949050545692444,7.523851156234741,-1.0,1024,0.0125,-113.29106569540967
2,0.9452313184738159,3.3703794479370117,-1.0,1024,0.00625,-129.67024975814203
2,0.596721887588501,3.188917795817057,-1.0,1024,0.003125,-131.3586007551437
2,0.782118558883667,2.9756664435068765,-1.0,1024,0.0015625,-133.6059171612488
3,0.9973545074462891,13.756807327270508,-1.0,16,0.1,-107.26912848461338
3,0.997566819190979,13.756806373596191,-1.0,16,0.05,-107.2691289885371
3,0.8459886908531189,6.588415225346883,-1.0,16,0.025,-115.17815689807786
3,0.9768742322921753,2.9312841097513833,-1.0,16,0.0125,-134.11474161352496
3,0.9559425115585327,1.9677091836929321,-1.0,16,0.00625,-150.8205180057773
3,0.86857008934021,1.860877513885498,-1.0,16,0.003125,-153.7380882158121
3,0.988347053527832,1.5835820039113362,-1.0,16,0.0015625,-163.1479770248759
3,0.9985182285308838,13.756810188293457,-1.0,32,0.1,-107.26912697284261
3,0.9987075328826904,13.756457010904947,-1.0,32,0.05,-107.26931359729677
3,0.9842002391815186,7.354602177937825,3.578342914581299,32,0.025,-51.34552722218567
3,0.8674852848052979,2.7384634017944336,-1.0,32,0.0125,-136.51682908541812
3,0.9645661115646362,1.8177190224329631,-1.0,32,0.00625,-155.0140031357283
3,0.9711818695068359,1.7299485206604004,-1.0,32,0.003125,-157.80518830804598
3,0.993432343006134,1.4285861651102703,-1.0,32,0.0015625,-169.99927791704548
3,0.9989959001541138,13.756810188293457,-1.0,64,0.1,-107.26912697284261
3,0.9988677501678467,13.746607144673666,-1.0,64,0.05,-107.27452228375833
3,0.998873233795166,8.54724391301473,-1.0,64,0.025,-111.69967781634637
3,0.9785850048065186,3.545067469278971,-1.0,64,0.0125,-128.2082078455728
3,0.96470046043396,1.9190647999445598,-1.0,64,0.00625,-152.1087146212514
3,0.9734635353088379,1.693191647529602,-1.0,64,0.003125,-159.06005982601076
3,0.9918386936187744,1.5340059995651245,-1.0,64,0.0015625,-165.18879328265274
3,0.9927617311477661,10.352365732192993,-1.0,128,0.1,-109.65962781714983
3,0.9992505311965942,13.756810188293457,-1.0,128,0.05,-107.26912697284261
3,0.8941739797592163,5.44170606136322,3.024186134338379,128,0.025,-44.42577198701578
3,0.9984521865844727,3.2618183294932046,-1.0,128,0.0125,-130.65774666105858
3,0.95723557472229,2.433018445968628,-1.0,128,0.00625,-141.10120914442481
3,0.9670537710189819,1.691346565882365,-1.0,128,0.003125,-159.1244881546974
3,0.9965260028839111,1.5135197639465332,-1.0,128,0.0015625,-166.07115571404762
3,0.9996018409729004,13.756810188293457,-1.0,256,0.1,-107.26912697284261
3,0.999579668045044,13.756810188293457,-1.0,256,0.05,-107.26912697284261
3,0.9996428489685059,8.314114093780518,-1.0,256,0.025,-112.02773968122548
3,0.9682579040527344,2.479948401451111,-1.0,256,0.0125,-140.323419608846
3,0.9921705722808838,1.6805053154627483,-1.0,256,0.00625,-159.50591115652838
3,0.9749119281768799,1.6571085055669148,-1.0,256,0.003125,-160.34607852416332
3,0.9634044170379639,1.5240367650985718,-1.0,256,0.0015625,-165.61521499353867
3,0.9997813701629639,13.756810188293457,-1.0,512,0.1,-107.26912697284261
3,0.9998574256896973,13.756810188293457,-1.0,512,0.05,-107.26912697284261
3,0.9998429417610168,8.493816693623861,-1.0,512,0.025,-111.77327032205298
3,0.9590065479278564,2.559708038965861,-1.0,512,0.0125,-139.06695547996975
3,0.9617757797241211,1.7096708218256633,-1.0,512,0.00625,-158.49079174973315
3,0.9931088089942932,1.511559009552002,-1.0,512,0.003125,-166.15686147088505
3,0.9874768257141113,1.5807191928227742,-1.0,512,0.0015625,-163.26234314990805
3,0.9999347925186157,13.756810188293457,-1.0,1024,0.1,-107.26912697284261
3,0.9999434947967529,13.756810188293457,-1.0,1024,0.05,-107.26912697284261
3,0.9998762607574463,7.9180534680684405,-1.0,1024,0.025,-112.62936659916168
3,0.9729176759719849,3.3240331013997397,-1.0,1024,0.0125,-130.08393627545115
3,0.9683364629745483,1.9580692052841187,-1.0,1024,0.00625,-151.07071789400305
3,0.9911279678344727,1.6553391218185425,-1.0,1024,0.003125,-160.41058214714383
3,0.9942421913146973,1.5844767888387044,-1.0,1024,0.0015625,-163.11231613136601
4,0.9956380128860474,13.756698608398438,-1.0,16,0.1,-107.26918593236826
4,0.9959516525268555,13.755401611328125,-1.0,16,0.05,-107.2698713440432
4,0.9552133083343506,7.004456917444865,-1.0,16,0.025,-114.27662432342845
4,0.972726583480835,1.9109400113423665,-1.0,16,0.0125,-152.33026646909423
4,0.9761660099029541,1.6969029506047566,-1.0,16,0.00625,-158.93088933834497
4,0.9946669340133667,1.3910086552302043,-1.0,16,0.003125,-171.89027877288842
4,0.9928839206695557,1.230676571528117,-1.0,16,0.0015625,-181.25611741826788
4,0.9976333379745483,13.756810188293457,-1.0,32,0.1,-107.26912697284261
4,0.9977441430091858,13.747170766194662,-1.0,32,0.05,-107.2742240349489
4,0.9893877506256104,5.301364421844482,2.6772165298461914,32,0.025,-49.49948132570147
4,0.9910544157028198,2.3755508263905845,-1.0,32,0.0125,-142.0955000790028
4,0.9951520562171936,1.4854127566019695,-1.0,32,0.00625,-167.32135533072977
4,0.9921250939369202,1.4866199890772502,-1.0,32,0.003125,-167.26668599557198
4,0.9974370002746582,1.2621989250183105,-1.0,32,0.0015625,-179.22681442511077
4,0.998399555683136,13.756810188293457,-1.0,64,0.1,-107.26912697284261
4,0.9984862804412842,13.254566510518393,-1.0,64,0.05,-107.54456963346507
4,0.9399157762527466,5.167880376180013,-1.0,64,0.025,-119.35029310293707
4,0.9961109161376953,2.21020770072937,-1.0,64,0.0125,-145.24461658829617
4,0.9969089031219482,1.581973393758138,-1.0,64,0.00625,-163.21218826723745
4,0.998668909072876,1.2433140675226848,-1.0,64,0.003125,-180.4302007128826
4,0.997816801071167,1.255314588546753,-1.0,64,0.0015625,-179.66130634693536
4,0.9989252090454102,13.756810188293457,-1.0,128,0.1,-107.26912697284261
4,0.9991178512573242,13.733343442281088,-1.0,128,0.05,-107.281548038195
4,0.9990262985229492,9.063520749409994,8.914979934692383,128,0.025,-1.6388864639304852
4,0.9986402988433838,2.2337363163630166,-1.0,128,0.0125,-144.76804145030897
4,0.994840145111084,1.4990544716517131,-1.0,128,0.00625,-166.70871665511683
4,0.9988460540771484,1.2906326055526733,-1.0,128,0.003125,-177.48138360194156
4,0.9982681274414062,1.2978520790735881,-1.0,128,0.0015625,-177.05038317724188
4,0.9995253086090088,13.756810188293457,-1.0,256,0.1,-107.26912697284261
4,0.9900908470153809,11.398893515268961,-1.0,256,0.05,-108.77278131127804
4,0.9996221661567688,7.782457192738851,-1.0,256,0.025,-112.84941214881354
4,0.9975703954696655,2.214234550793966,-1.0,256,0.0125,-145.1623338476688
4,0.9989820122718811,1.3620993693669636,-1.0,256,0.00625,-173.41608273886436
4,0.9983007907867432,1.421138048171997,-1.0,256,0.003125,-170.36614080428674
4,0.999071478843689,1.3850841919581096,-1.0,256,0.0015625,-172.19777727636097
4,0.9998347759246826,13.756810188293457,-1.0,512,0.1,-107.26912697284261
4,0.9998705983161926,13.545520464579264,-1.0,512,0.05,-107.38251440847135
4,0.9998767375946045,8.478779474894205,-1.0,512,0.025,-111.79415036045006
4,0.9956948757171631,3.8628653287887573,-1.0,512,0.0125,-125.88751910524307
4,0.9975463151931763,1.5540865659713745,-1.0,512,0.00625,-164.3464799127811
4,0.9991939067840576,1.3623158534367878,-1.0,512,0.003125,-173.40441627227972
4,0.9993391036987305,1.7443809111913045,-1.0,512,0.0015625,-157.32692863034495
4,0.9999486207962036,13.756810188293457,-1.0,1024,0.1,-107.26912697284261
4,0.9999336004257202,13.756810188293457,-1.0,1024,0.05,-107.26912697284261
4,0.9999228715896606,9.50751527150472,-1.0,1024,0.025,-110.51799520109248
4,0.9975759983062744,5.987423817316691,-1.0,1024,0.0125,-116.70167388364631
4,0.9991648197174072,1.4757297833760579,-1.0,1024,0.00625,-167.76308313790884
4,0.9967391490936279,1.544061263402303,-1.0,1024,0.003125,-164.76426963762586
4,0.9965668320655823,1.5317053000132244,-1.0,1024,0.0015625,-165.28671017795435
5,0.9953229427337646,13.756807327270508,-1.0,16,0.1,-107.26912848461338
5,0.9954122304916382,13.713943163553873,-1.0,16,0.05,-107.29184879996875
5,0.9884438514709473,2.6551566918691,-1.0,16,0.025,-137.66256067155302
5,0.9862077236175537,1.7731406688690186,-1.0,16,0.0125,-156.39710472817933
5,0.9936951398849487,1.3741523424784343,-1.0,16,0.00625,-172.7721351619858
5,0.9945281744003296,1.2198565006256104,-1.0,16,0.003125,-181.9768554323516
5,0.9947129487991333,1.1559715668360393,-1.0,16,0.0015625,-186.50731805947942
5,0.9970147609710693,13.756810188293457,-1.0,32,0.1,-107.26912697284261
5,0.996900200843811,13.659982681274414,-1.0,32,0.05,-107.32065349812511
5,0.9915165901184082,8.195270538330078,3.7166669368743896,32,0.025,-54.64863643620822
5,0.9916930198669434,2.8768746058146157,-1.0,32,0.0125,-134.7599439328653
5,0.9973535537719727,1.3862532377243042,-1.0,32,0.00625,-172.13689193192553
5,0.9967122077941895,1.2709123293558757,-1.0,32,0.003125,-178.68363355219165
5,0.9979475736618042,1.1512428919474285,-1.0,32,0.0015625,-186.8626427137728
5,0.9978495836257935,13.756810188293457,-1.0,64,0.1,-107.26912697284261
5,0.9979370832443237,13.70702075958252,-1.0,64,0.05,-107.29553137432075
5,0.997761070728302,8.524564425150553,-1.0,64,0.025,-111.73080465026035
5,0.9965147972106934,2.888888359069824,-1.0,64,0.0125,-134.6153909638095
5,0.9977374076843262,1.4514786005020142,-1.0,64,0.00625,-168.89526305480052
5,0.9977973699569702,1.2263822952906291,-1.0,64,0.003125,-181.54064224834713
5,0.9959273338317871,1.203288992245992,-1.0,64,0.0015625,-183.1055553939254
5,0.998770534992218,13.756810188293457,-1.0,128,0.1,-107.26912697284261
5,0.9988067150115967,13.756797790527344,-1.0,128,0.05,-107.26913352385378
5,0.9668411016464233,6.512161731719971,3.0740842819213867,128,0.025,-52.79471842740199
5,0.9978104829788208,2.181460698445638,-1.0,128,0.0125,-145.8408441973093
5,0.9984629154205322,1.296775499979655,-1.0,128,0.00625,-177.11435017207597
5,0.9990551471710205,1.2709583441416423,-1.0,128,0.003125,-178.68078482740225
5,0.9976494908332825,1.257047414779663,-1.0,128,0.0015625,-179.5514940997895
5,0.9993492364883423,13.756810188293457,-1.0,256,0.1,-107.26912697284261
5,0.999430775642395,13.7200558980306,-1.0,256,0.05,-107.28860004239154
5,0.9993100166320801,8.31463368733724,-1.0,256,0.025,-112.02698805027272
5,0.9988876581192017,2.2343624035517373,-1.0,256,0.0125,-144.7554970675483
5,0.9996433854103088,1.39741849899292,-1.0,256,0.00625,-171.5605239747915
5,0.9980020523071289,1.3183789253234863,-1.0,256,0.003125,-175.85072703999978
5,0.9975641965866089,1.3332398335138957,-1.0,256,0.0015625,-175.0052597336815
5,0.9995554089546204,13.756810188293457,-1.0,512,0.1,-107.26912697284261
5,0.9998111724853516,13.756810188293457,-1.0,512,0.05,-107.26912697284261
5,0.9993360042572021,8.089453220367432,-1.0,512,0.025,-112.36177492790519
5,0.999254584312439,2.2855437596639,-1.0,512,0.0125,-143.75326421871068
5,0.9985909461975098,1.279195745786031,-1.0,512,0.00625,-178.17411864401777
5,0.9996119737625122,1.5202168623606365,-1.0,512,0.003125,-165.78008866755835
5,0.999032735824585,1.5137162605921428,-1.0,512,0.0015625,-166.0625789676604
5,0.9999268054962158,13.756810188293457,-1.0,1024,0.1,-107.26912697284261
5,0.9999146461486816,13.756810188293457,-1.0,1024,0.05,-107.26912697284261
5,0.999889075756073,8.119535287221273,-1.0,1024,0.025,-112.31597578710969
5,0.9990353584289551,1.481541633605957,-1.0,1024,0.0125,-167.49725943010307
5,0.9980288743972778,1.4596798817316692,-1.0,1024,0.00625,-168.50817172417732
5,0.9992737770080566,1.4804921944936116,-1.0,1024,0.003125,-167.54510450776408
5,0.9990355968475342,1.2517183621724446,-1.0,1024,0.0015625,-179.8901757951709
6,0.9944314956665039,13.756807327270508,-1.0,16,0.1,-107.26912848461338
6,0.9946556091308594,13.689341227213541,-1.0,16,0.05,-107.30495341888376
6,0.9854919910430908,6.264570871988933,-1.0,16,0.025,-115.96278532774443
6,0.9863543510437012,2.34917143980662,-1.0,16,0.0125,-142.56820013452565
6,0.9847302436828613,1.375908613204956,-1.0,16,0.00625,-172.6792455838082
6,0.9938657879829407,1.2194299697875977,-1.0,16,0.003125,-182.00552920428728
6,0.9931178092956543,1.185078501701355,-1.0,16,0.0015625,-184.3825956309521
6,0.996651291847229,13.756810188293457,-1.0,32,0.1,-107.26912697284261
6,0.9963942766189575,13.569326718648275,-1.0,32,0.05,-107.36956240154277
6,0.9925408363342285,6.989657402038574,5.200527191162109,32,0.025,-25.596822676239533
6,0.9955006837844849,2.24575146039327,-1.0,32,0.0125,-144.52852497866718
6,0.9979283809661865,1.3060595194498699,-1.0,32,0.00625,-176.56618899123478
6,0.9966757297515869,1.171650767326355,-1.0,32,0.003125,-185.34966458323984
6,0.995673418045044,1.1627782980600994,-1.0,32,0.0015625,-186.00091708525454
6,0.9974566698074341,13.756810188293457,-1.0,64,0.1,-107.26912697284261
6,0.9975090026855469,13.756803512573242,-1.0,64,0.05,-107.2691305003087
6,0.9934320449829102,2.5023103952407837,-1.0,64,0.025,-139.96306780733232
6,0.9974455833435059,2.0495243867238364,-1.0,64,0.0125,-148.79180782027677
6,0.9978941082954407,1.2964364687601726,-1.0,64,0.00625,-177.13451635284025
6,0.9967076778411865,1.1704285144805908,-1.0,64,0.003125,-185.4387933673828
6,0.9959425926208496,1.1911062002182007,-1.0,64,0.0015625,-183.95557002530995
6,0.9985227584838867,13.756810188293457,-1.0,128,0.1,-107.26912697284261
6,0.9985331296920776,13.756810188293457,-1.0,128,0.05,-107.26912697284261
6,0.9877762794494629,6.330972989400228,3.537447690963745,128,0.025,-44.12473885315266
6,0.9982088804244995,1.4156306385993958,-1.0,128,0.0125,-170.63989523350423
6,0.9983516931533813,1.339908281962077,-1.0,128,0.00625,-174.63197395389358
6,0.9975504875183105,1.2305817206700642,-1.0,128,0.003125,-181.26238048258102
6,0.9971906542778015,1.105781356493632,-1.0,128,0.0015625,-190.43379092327453
6,0.9992711544036865,13.756810188293457,-1.0,256,0.1,-107.26912697284261
6,0.9992778301239014,13.74083137512207,-1.0,256,0.05,-107.27758002918594
6,0.9981107711791992,6.5838165283203125,-1.0,256,0.025,-115.1887586128577
6,0.9988029599189758,2.143707553545634,-1.0,256,0.0125,-146.6481539585951
6,0.998479962348938,1.1470333735148113,-1.0,256,0.00625,-187.18142149044346
6,0.9974948167800903,1.1740506092707317,-1.0,256,0.003125,-185.17520387142048
6,0.9986674785614014,1.4506330490112305,-1.0,256,0.0015625,-168.93542103439685
6,0.9996640682220459,13.756810188293457,-1.0,512,0.1,-107.26912697284261
6,0.9584890007972717,11.808265209197998,-1.0,512,0.05,-108.46864448150313
6,0.9997739791870117,8.131706873575846,-1.0,512,0.025,-112.29754116260045
6,0.9992339611053467,1.4068724314371746,-1.0,512,0.0125,-171.07964998492872
6,0.9983079433441162,1.319995681444804,-1.0,512,0.00625,-175.7578236093506
6,0.997270405292511,1.4012014071146648,-1.0,512,0.003125,-171.36732770338753
6,0.9988223314285278,1.4926106135050456,-1.0,512,0.0015625,-166.99670972134754
6,0.9998937845230103,13.756810188293457,-1.0,1024,0.1,-107.26912697284261
6,0.9999001622200012,13.705867131551107,-1.0,1024,0.05,-107.29614544196176
6,0.9998999238014221,8.180574099222818,-1.0,1024,0.025,-112.22408094922095
6,0.999428391456604,1.3767571449279785,-1.0,1024,0.0125,-172.6344514487566
6,0.9992414712905884,1.3725869258244832,-1.0,1024,0.00625,-172.85513078884395
6,0.9990832805633545,1.5098591248194377,-1.0,1024,0.003125,-166.23134460439076
6,0.9990688562393188,1.803835391998291,-1.0,1024,0.0015625,-155.4374309560585
7,0.9843372106552124,13.743846893310547,-1.0,16,0.1,-107.27598326554936
7,0.9941792488098145,13.71309757232666,-1.0,16,0.05,-107.29229843750272
7,0.9919866323471069,2.9172755082448325,-1.0,16,0.025,-134.27855878451626
7,0.9678601622581482,1.7234386603037517,-1.0,16,0.0125,-158.0235330118307
7,0.9936097860336304,1.3350872993469238,-1.0,16,0.00625,-174.90146902671935
7,0.9937351942062378,1.1943961381912231,-1.0,16,0.003125,-183.72431624857612
7,0.9930379390716553,1.1723255316416423,-1.0,16,0.0015625,-185.30053922818436
7,0.9962210655212402,13.756810188293457,-1.0,32,0.1,-107.26912697284261
7,0.9961700439453125,13.20206610361735,-1.0,32,0.05,-107.57457198101743
7,0.9932541847229004,4.822390238444011,3.135268211364746,32,0.025,-34.985182526904545
7,0.9950516223907471,2.108998696009318,-1.0,32,0.0125,-147.41586620666084
7,0.9971964359283447,1.2493460178375244,-1.0,32,0.00625,-180.04187676772574
7,0.9959951639175415,1.2374838987986247,-1.0,32,0.003125,-180.80913222150375
7,0.9948656558990479,1.1954854726791382,-1.0,32,0.0015625,-183.64802608257162
7,0.9973583221435547,13.756810188293457,-1.0,64,0.1,-107.26912697284261
7,0.9973833560943604,13.751276334126791,-1.0,64,0.05,-107.2720522495667
7,0.9820001125335693,4.547825336456299,-1.0,64,0.025,-121.98853135329968
7,0.9985055923461914,1.43086842695872,-1.0,64,0.0125,-169.887627762217
7,0.9966471195220947,1.2200250625610352,-1.0,64,0.00625,-181.96552929009786
7,0.9972294569015503,1.1912279923756917,-1.0,64,0.003125,-183.94698633682023
7,0.9959793090820312,1.132470726966858,-1.0,64,0.0015625,-188.3025032071549
7,0.998387336730957,13.756810188293457,-1.0,128,0.1,-107.26912697284261
7,0.9983936548233032,13.645970662434896,-1.0,128,0.05,-107.32817052547853
7,0.9972324371337891,4.249188741048177,4.337817192077637,128,0.025,2.085773460079284
7,0.9959391951560974,1.434932788213094,-1.0,128,0.0125,-169.68967523874682
7,0.9973926544189453,1.249456564585368,-1.0,128,0.00625,-180.03479499360188
7,0.9974565505981445,1.1962205568949382,-1.0,128,0.003125,-183.5966239031811
7,0.9960349798202515,1.2088747024536133,-1.0,128,0.0015625,-182.72155898128506
7,0.9991700649261475,13.756810188293457,-1.0,256,0.1,-107.26912697284261
7,0.9992457628250122,13.719202359517416,-1.0,256,0.05,-107.2890535017604
7,0.9974385499954224,4.829101085662842,-1.0,256,0.025,-120.70778768679969
7,0.9979813098907471,1.5824097792307537,-1.0,256,0.0125,-163.1947560691974
7,0.9985474348068237,1.2873783111572266,-1.0,256,0.00625,-177.67724462447237
7,0.9986550807952881,1.3556965589523315,-1.0,256,0.003125,-173.762819076032
7,0.9957644939422607,1.226340373357137,-1.0,256,0.0015625,-181.5434296811476
7,0.9997453689575195,13.756810188293457,-1.0,512,0.1,-107.26912697284261
7,0.9997467994689941,13.756810188293457,-1.0,512,0.05,-107.26912697284261
7,0.9997563362121582,7.869976043701172,-1.0,512,0.025,-112.7065189836297
7,0.9982722997665405,1.2676244179407756,-1.0,512,0.0125,-178.88771988350265
7,0.9992533326148987,1.3412484327952068,-1.0,512,0.00625,-174.55740305440406
7,0.9985435009002686,1.4168161153793335,-1.0,512,0.003125,-170.58078950014368
7,0.9941198825836182,1.229868491490682,-1.0,512,0.0015625,-181.30950641624568
7,0.9998843669891357,13.756810188293457,-1.0,1024,0.1,-107.26912697284261
7,0.9999163746833801,13.749136288960775,-1.0,1024,0.05,-107.27318414032236
7,0.9998989105224609,9.237993558247885,-1.0,1024,0.025,-110.82486141275967
7,0.9993507862091064,1.3587580919265747,-1.0,1024,0.0125,-173.59661781900456
7,0.9989176988601685,1.3816523949305217,-1.0,1024,0.00625,-172.37710466606086
7,0.9990801811218262,1.230373462041219,-1.0,1024,0.003125,-181.2761353240646
7,0.9945508241653442,1.6159816980361938,-1.0,1024,0.0015625,-161.88188896045298
8,0.9943974018096924,13.756807327270508,-1.0,16,0.1,-107.26912848461338
8,0.9937613606452942,13.756807327270508,-1.0,16,0.05,-107.26912848461338
8,0.9887981414794922,2.611660639444987,-1.0,16,0.025,-138.28981395578688
8,0.9905867576599121,1.7329975763956706,-1.0,16,0.0125,-157.7034851993171
8,0.9943726062774658,1.3217399915059407,-1.0,16,0.00625,-175.65784544815335
8,0.9928717613220215,1.1893568833669026,-1.0,16,0.003125,-184.07905263634075
8,0.9929440021514893,1.1348771651585896,-1.0,16,0.0015625,-188.11526310517124
8,0.9960794448852539,13.756810188293457,-1.0,32,0.1,-107.26912697284261
8,0.9340710639953613,9.946719964345297,-1.0,32,0.05,-110.0535654324699
8,0.9900785684585571,4.978298664093018,3.3167996406555176,32,0.025,-33.37483617488434
8,0.9934550523757935,1.5876023769378662,-1.0,32,0.0125,-162.98806392119283
8,0.9907095432281494,1.4121618668238323,-1.0,32,0.00625,-170.81341193904018
8,0.995651364326477,1.1365737517674763,-1.0,32,0.003125,-187.98373167116594
8,0.9951865673065186,1.12701682249705,-1.0,32,0.0015625,-188.72982018000158
8,0.9972383975982666,13.756810188293457,-1.0,64,0.1,-107.26912697284261
8,0.9971909523010254,13.639315923055014,-1.0,64,0.05,-107.33174600281578
8,0.9955337643623352,3.078151067097982,-1.0,64,0.025,-132.48703452825595
8,0.996556282043457,1.4815006653467815,-1.0,64,0.0125,-167.49912594645548
8,0.9963667392730713,1.2244131962458293,-1.0,64,0.00625,-181.67177575887763
8,0.9976320862770081,1.1848726272583008,-1.0,64,0.003125,-184.39725730806347
8,0.9956753253936768,1.127974510192871,-1.0,64,0.0015625,-188.65448562565578
8,0.9983516335487366,13.756810188293457,-1.0,128,0.1,-107.26912697284261
8,0.9983125329017639,13.407410303751627,-1.0,128,0.05,-107.45856192467073
8,0.9669790267944336,5.113621314366658,4.304361343383789,128,0.025,-15.82557489560799
8,0.9985301494598389,1.4394856691360474,-1.0,128,0.0125,-169.46925707153315
8,0.9974749088287354,1.2221719026565552,-1.0,128,0.00625,-181.82155045672098
8,0.9973311424255371,1.2523487408955891,-1.0,128,0.003125,-179.84996250204813
8,0.9970831871032715,1.1387359301249187,-1.0,128,0.0015625,-187.81667228944823
8,0.9991353750228882,13.756810188293457,-1.0,256,0.1,-107.26912697284261
8,0.9991309642791748,13.73690128326416,-1.0,256,0.05,-107.27966212597242
8,0.9907577037811279,5.057904163996379,-1.0,256,0.025,-119.7710349499757
8,0.9979147911071777,1.2939093112945557,-1.0,256,0.0125,-177.28516915915077
8,0.9976785182952881,1.2459217707316081,-1.0,256,0.00625,-180.26186101658678
8,0.9987128376960754,1.226942737897237,-1.0,256,0.003125,-181.50339613353293
8,0.9922095537185669,1.2876205444335938,-1.0,256,0.0015625,-177.66263161325108
8,0.9997262954711914,13.756810188293457,-1.0,512,0.1,-107.26912697284261
8,0.9997575283050537,13.378607749938965,-1.0,512,0.05,-107.4746193228108
8,0.9997410774230957,7.417604764302571,-1.0,512,0.025,-113.48144086636331
8,0.9977844953536987,1.3541473150253296,-1.0,512,0.0125,-173.8472091554747
8,0.9989149570465088,1.3254512548446655,-1.0,512,0.00625,-175.44600349087855
8,0.9979338645935059,1.443173925081889,-1.0,512,0.003125,-169.29171755533608
8,0.9924745559692383,1.3876736958821614,-1.0,512,0.0015625,-172.06305077104508
8,0.9998974800109863,13.756810188293457,-1.0,1024,0.1,-107.26912697284261
8,0.9998800754547119,13.751289367675781,-1.0,1024,0.05,-107.27204535707489
8,0.999854326248169,7.79166825612386,-1.0,1024,0.025,-112.8342219808197
8,0.9996496438980103,1.3631781737009685,-1.0,1024,0.0125,-173.35798205197523
8,0.9986188411712646,1.3356948693593342,-1.0,1024,0.00625,-174.86739845602983
8,0.9985908269882202,1.721743901570638,-1.0,1024,0.003125,-158.0806471326986
8,0.9985145330429077,1.4007587035497029,-1.0,1024,0.0015625,-171.3898830302372
9,0.9940216541290283,13.756807327270508,-1.0,16,0.1,-107.26912848461338
9,0.9549487829208374,8.579968214035034,-1.0,16,0.05,-111.65505483300286
9,0.9829787015914917,3.30351456006368,-1.0,16,0.025,-130.27079135927053
9,0.9702777862548828,1.6431076526641846,-1.0,16,0.0125,-160.86028498367529
9,0.9515401124954224,1.2699809869130452,-1.0,16,0.00625,-178.741336311712
9,0.9943316578865051,1.1805824836095173,-1.0,16,0.003125,-184.703950285845
9,0.9915546178817749,1.1662050088246663,-1.0,16,0.0015625,-185.7482168600723
9,0.9958810806274414,13.756810188293457,-1.0,32,0.1,-107.26912697284261
9,0.996063768863678,13.258840560913086,-1.0,32,0.05,-107.54213760551573
9,0.9844861626625061,5.838493824005127,4.4871978759765625,32,0.025,-23.144598397495503
9,0.9969430565834045,1.454197923342387,-1.0,32,0.0125,-168.76643020515115
9,0.9960401058197021,1.2751853863398235,-1.0,32,0.00625,-178.4199702029451
9,0.9961457252502441,1.1800036430358887,-1.0,32,0.003125,-184.74550107550692
9,0.9947726726531982,1.1141450802485149,-1.0,32,0.0015625,-189.75491771475092
9,0.9971352815628052,13.756810188293457,-1.0,64,0.1,-107.26912697284261
9,0.9969967007637024,13.750262260437012,-1.0,64,0.05,-107.27258855910883
9,0.97245192527771,2.4332969586054483,-1.0,64,0.025,-141.09650474281247
9,0.9973137378692627,1.3830795288085938,-1.0,64,0.0125,-172.30242217968592
9,0.9968597888946533,1.3236615657806396,-1.0,64,0.00625,-175.54801210914079
9,0.9944794178009033,1.2847765286763508,-1.0,64,0.003125,-177.83454769603054
9,0.9951995611190796,1.1438584327697754,-1.0,64,0.0015625,-187.4234058473974
9,0.9983142614364624,13.756810188293457,-1.0,128,0.1,-107.26912697284261
9,0.9983304738998413,13.749924341837565,-1.0,128,0.05,-107.27276729048792
9,0.9972637891769409,3.0216546853383384,3.5094492435455322,128,0.025,16.143292632810386
9,0.998252809047699,1.4668514331181843,-1.0,128,0.0125,-168.17322991424106
9,0.9972090721130371,1.2251257101694744,-1.0,128,0.00625,-181.62427673333767
9,0.9975469708442688,1.1553938786188762,-1.0,128,0.003125,-186.55057106545956
9,0.9968862533569336,1.145585020383199,-1.0,128,0.0015625,-187.29164419987782
9,0.9989962577819824,13.756810188293457,-1.0,256,0.1,-107.26912697284261
9,0.9991124868392944,13.683523178100586,-1.0,256,0.05,-107.30805938634593
9,0.9990820288658142,8.444389820098877,-1.0,256,0.025,-111.8421818663541
9,0.9972991943359375,1.2515161434809368,-1.0,256,0.0125,-179.90308436762345
9,0.998344898223877,1.3609352111816406,-1.0,256,0.00625,-173.47888362236904
9,0.997840404510498,1.291239619255066,-1.0,256,0.003125,-177.4449594860568
9,0.997610330581665,1.1817245483398438,-1.0,256,0.0015625,-184.6220890819996
9,0.7165873050689697,11.82949940363566,-1.0,512,0.1,-108.45344309069124
9,0.9997317790985107,13.199803670247396,-1.0,512,0.05,-107.57587025520705
9,0.9996699094772339,8.141069730122885,-1.0,512,0.025,-112.28339804411557
9,0.9988441467285156,1.3407781918843586,-1.0,512,0.0125,-174.58355200382385
9,0.998727560043335,1.256491740544637,-1.0,512,0.00625,-179.58667516322402
9,0.9986194372177124,1.2058113813400269,-1.0,512,0.003125,-182.93171017250583
9,0.996690034866333,1.4557750622431438,-1.0,512,0.0015625,-168.6919309126742
9,0.9998162984848022,13.756810188293457,-1.0,1024,0.1,-107.26912697284261
9,0.9998867511749268,13.721142133076986,-1.0,1024,0.05,-107.2880230399286
9,0.9998903274536133,7.675706545511882,-1.0,1024,0.025,-113.02811661793815
9,0.9983832836151123,1.3921682834625244,-1.0,1024,0.0125,-171.8303966466507
9,0.9987939596176147,1.238191286722819,-1.0,1024,0.00625,-180.76296536109123
9,0.9936178922653198,1.4096417427062988,-1.0,1024,0.003125,-170.94001047955285
9,0.9986076354980469,1.3868520657221477,-1.0,1024,0.0015625,-172.10574398786292
10,0.9922183752059937,13.756807327270508,-1.0,16,0.1,-107.26912848461338
10,0.993602991104126,12.651052792867025,-1.0,16,0.05,-107.90448049164593
10,0.9697650671005249,8.442576805750528,-1.0,16,0.025,-111.84472493420333
10,0.9784576892852783,1.6641966899236043,-1.0,16,0.0125,-160.0890511352901
10,0.9493891000747681,1.3696881135304768,-1.0,16,0.00625,-173.00932162011853
10,0.9907934665679932,1.2413100401560466,-1.0,16,0.003125,-180.56005088577942
10,0.992812991142273,1.1329199870427449,-1.0,16,0.0015625,-188.26748679845386
10,0.9956350326538086,13.756810188293457,-1.0,32,0.1,-107.26912697284261
10,0.9958446025848389,13.75130844116211,-1.0,32,0.05,-107.27203527052507
10,0.9890623092651367,3.911896546681722,3.76216459274292,32,0.025,-3.827605156527281
10,0.9940627813339233,1.46183443069458,-1.0,32,0.0125,-168.40719981707213
10,0.9964888095855713,1.304677963256836,-1.0,32,0.00625,-176.64726684765367
10,0.9955904483795166,1.1046432256698608,-1.0,32,0.003125,-190.5269662422992
10,0.9950196743011475,1.1627522706985474,-1.0,32,0.0015625,-186.00284215306064
10,0.9971133470535278,13.756810188293457,-1.0,64,0.1,-107.26912697284261
10,0.9971122741699219,13.404490152994791,-1.0,64,0.05,-107.46018676269146
10,0.9932640790939331,2.466882308324178,-1.0,64,0.025,-140.53699670331366
10,0.9965829849243164,1.3373315731684368,-1.0,64,0.0125,-174.77577139906876
10,0.9969420433044434,1.205156644185384,-1.0,64,0.00625,-182.97676528812914
10,0.9966528415679932,1.140220085779826,-1.0,64,0.003125,-187.70236662828776
10,0.9960775375366211,1.126236081123352,-1.0,64,0.0015625,-188.79133041116572
10,0.9981136322021484,13.756810188293457,-1.0,128,0.1,-107.26912697284261
10,0.9982718229293823,13.740691502888998,-1.0,128,0.05,-107.27765411071015
10,0.9969656467437744,4.5185268719991045,3.9078242778778076,128,0.025,-13.515524227724852
10,0.9982547760009766,1.3462660710016887,-1.0,128,0.0125,-174.27952182260304
10,0.9980144500732422,1.3046429951985676,-1.0,128,0.00625,-176.6493212074311
10,0.9972673654556274,1.1845239003499348,-1.0,128,0.003125,-184.4221040795021
10,0.9973182678222656,1.1375094652175903,-1.0,128,0.0015625,-187.9113563955016
10,0.8215981721878052,12.073185920715332,-1.0,256,0.1,-108.28281786238533
10,0.9991369247436523,13.570504506429037,-1.0,256,0.05,-107.36892279521554
10,0.9869197607040405,7.432559013366699,-1.0,256,0.025,-113.45431631557317
10,0.9974474906921387,1.2910129626592,-1.0,256,0.0125,-177.45855610467473
10,0.99847412109375,1.1998576720555623,-1.0,256,0.00625,-183.34321839079698
10,0.997834324836731,1.2063161134719849,-1.0,256,0.003125,-182.89701089392136
10,0.9946169853210449,1.1835861206054688,-1.0,256,0.0015625,-184.48899345731138
10,0.9995002746582031,13.756810188293457,-1.0,512,0.1,-107.26912697284261
10,0.999732255935669,13.739164034525553,-1.0,512,0.05,-107.27846321280589
10,0.999663233757019,7.620103677113851,-1.0,512,0.025,-113.12318102709534
10,0.99855637550354,1.363626758257548,-1.0,512,0.0125,-173.33384989289937
10,0.9994065761566162,1.3649680217107136,-1.0,512,0.00625,-173.26178958732677
10,0.9932413101196289,1.2437326510747273,-1.0,512,0.003125,-180.40313158425852
10,0.997848629951477,1.50594429175059,-1.0,512,0.0015625,-166.40351874089225
10,0.9998881816864014,13.756810188293457,-1.0,1024,0.1,-107.26912697284261
10,0.9999063014984131,13.74736754099528,-1.0,1024,0.05,-107.27411991436145
10,0.9967672824859619,6.026614189147949,-1.0,1024,0.025,-116.5930648389719
10,0.9996373653411865,1.4149257342020671,-1.0,1024,0.0125,-170.6750874500095
10,0.9976654648780823,1.5936115980148315,-1.0,1024,0.00625,-162.75054732569114
10,0.9907446503639221,1.3094278573989868,-1.0,1024,0.003125,-176.36923213061723
10,0.9953165650367737,1.5081867774327595,-1.0,1024,0.0015625,-166.3047849883821
11,0.9941205978393555,13.756807327270508,-1.0,16,0.1,-107.26912848461338
11,0.9601467847824097,11.818460464477539,-1.0,16,0.05,-108.46133896208966
11,0.9795933961868286,4.6595860322316485,-1.0,16,0.025,-121.46113395230225
11,0.9780529737472534,1.7637726068496704,-1.0,16,0.0125,-156.69665103746743
11,0.9936320185661316,1.2457093397776287,-1.0,16,0.00625,-180.27554808078344
11,0.9947637319564819,1.2221758762995403,-1.0,16,0.003125,-181.82128443148164
11,0.9929322004318237,1.12097163995107,-1.0,16,0.0015625,-189.2083228834986
11,0.9955599308013916,13.756810188293457,-1.0,32,0.1,-107.26912697284261
11,0.995876669883728,13.468757311503092,-1.0,32,0.05,-107.42458993708307
11,0.9915266036987305,4.124494473139445,5.293708324432373,32,0.025,28.348052322711833
11,0.9962856769561768,1.5243677695592244,-1.0,32,0.0125,-165.60096716615524
11,0.9941650032997131,1.2192736864089966,-1.0,32,0.00625,-182.01604046300702
11,0.995948314666748,1.1791995366414387,-1.0,32,0.003125,-184.8032897679192
11,0.9950337409973145,1.1531444787979126,-1.0,32,0.0015625,-186.71940232870412
11,0.9969915151596069,13.756810188293457,-1.0,64,0.1,-107.26912697284261
11,0.9970122575759888,13.749186833699545,-1.0,64,0.05,-107.27315740265439
11,0.9911881685256958,4.066925088564555,-1.0,64,0.025,-124.5886014181037
11,0.9942935705184937,1.3107541799545288,-1.0,64,0.0125,-176.29195582917697
11,0.9970000982284546,1.1329230864842732,-1.0,64,0.00625,-188.26724531699986
11,0.9968361854553223,1.1231611569722493,-1.0,64,0.003125,-189.0344180612282
11,0.9962952136993408,1.1276167233784993,-1.0,64,0.0015625,-188.68261522442293
11,0.9982613325119019,13.756810188293457,-1.0,128,0.1,-107.26912697284261
11,0.9982566833496094,13.614957809448242,-1.0,128,0.05,-107.34486301019632
11,0.9967780709266663,6.422044674555461,3.983448028564453,128,0.025,-37.97227782691825
11,0.9959268569946289,1.45811661084493,-1.0,128,0.0125,-168.5816204659059
11,0.9972124099731445,1.248160441716512,-1.0,128,0.00625,-180.11790524499932
11,0.9975773096084595,1.1442242066065471,-1.0,128,0.003125,-187.39545923134452
11,0.9953773021697998,1.3039500713348389,-1.0,128,0.0015625,-176.69005293863066
11,0.9991533756256104,13.756810188293457,-1.0,256,0.1,-107.26912697284261
11,0.999075174331665,13.752655029296875,-1.0,256,0.05,-107.27132323082147
11,0.9989917278289795,8.305821736653646,-1.0,256,0.025,-112.03974792267685
11,0.9986920356750488,1.3663277626037598,-1.0,256,0.0125,-173.18888098228624
11,0.9985740780830383,1.2565160989761353,-1.0,256,0.00625,-179.58513232061603
11,0.9977104663848877,1.225168506304423,-1.0,256,0.003125,-181.62142553079352
11,0.9972542524337769,1.2662525177001953,-1.0,256,0.0015625,-178.97318947220964
11,0.9997206330299377,13.756810188293457,-1.0,512,0.1,-107.26912697284261
11,0.9996887445449829,12.809946060180664,-1.0,512,0.05,-107.80643412003482
11,0.9996540546417236,8.361811319986979,-1.0,512,0.025,-111.95913136200205
11,0.9970505237579346,1.3468137582143147,-1.0,512,0.0125,-174.24931575735155
11,0.9987853765487671,1.2846142848332722,-1.0,512,0.00625,-177.84437802120408
11,0.998469352722168,1.3217486540476482,-1.0,512,0.003125,-175.65734959802356
11,0.9976629018783569,1.3571661313374836,-1.0,512,0.0015625,-173.6829469075022
11,0.999821662902832,13.756810188293457,-1.0,1024,0.1,-107.26912697284261
11,0.9998646974563599,13.617122014363607,-1.0,1024,0.05,-107.34369567185475
11,0.9998912811279297,8.621810754140219,-1.0,1024,0.025,-111.59849164538663
11,0.9985221028327942,1.2837340037027996,-1.0,1024,0.0125,-177.8977574104606
11,0.995991051197052,1.497074007987976,-1.0,1024,0.00625,-166.7969649238631
11,0.9978825449943542,1.29542072614034,-1.0,1024,0.003125,-177.19499771934824
11,0.9946765899658203,1.6039106051127117,-1.0,1024,0.0015625,-162.34761443763426
